year,country,Debt_to_GDP,Deficit_to_GDP,Debt_Growth,GDP,Debt,Deficit,cluster
1996,AT,67.31940483444289,-4.5736667152473665,-0.05469258376548103,185944.9,125177.0,-8504.5,1
1997,AT,63.54549977797157,-2.622396516026173,-5.114517842734689,186913.0,118774.8,-4901.6,0
1998,AT,64.78581015132477,-2.753792142290346,5.788601622566403,193947.1,125650.2,-5340.9,1
1999,AT,67.08008129420693,-2.6317694490776105,8.408979850410114,203064.9,136216.1,-5344.2,1
2000,AT,66.63779125715374,-2.4064201334420554,3.9107711937135248,212406.8,141543.2,-5111.4,1
2001,AT,67.23812788520755,-0.7126209069198486,4.21023404868619,219373.3,147502.5,-1563.3,0
2002,AT,67.4403199816605,-1.425265418532049,2.9135099405094733,225087.9,151800.0,-3208.1,0
2003,AT,66.4117455438686,-1.8388414427052089,0.8609354413702253,230541.9,153106.9,-4239.3,0
2004,AT,65.91193959301027,-4.941346968114052,3.552289282847476,240541.7,158545.7,-11886.0,1
2005,AT,69.42757996773592,-2.5884973899852946,10.506875935455827,252354.9,175203.9,-6532.2,1
2006,AT,68.1765417470595,-2.6085073084005526,3.481943038939206,265933.7,181304.4,-6936.9,1
2007,AT,65.81311244676802,-1.369591670263302,2.4409777148265643,282208.2,185730.0,-3865.1,0
2008,AT,69.52795684850445,-1.5715811958490467,9.252517094707379,291846.2,202914.7,-4586.6,0
2009,AT,80.7522231316071,-5.380961812472732,13.926048728850105,286274.1,231172.7,-15404.3,1
2010,AT,83.65410578995588,-4.4643676972602675,6.407633773365107,294050.6,245985.4,-13127.5,1
2011,AT,83.3560699231261,-2.4816414476566275,4.427295278500276,308167.0,256875.9,-7647.6,1
2012,AT,82.93562576637122,-2.176920642320937,2.2148827507757707,316589.4,262565.4,-6891.9,1
2013,AT,82.43083491883507,-1.9924861072063818,0.8362107116931528,321191.7,264761.0,-6399.7,1
2014,AT,85.20984449287896,-1.9235202437949372,6.242686800548425,330113.5,281289.2,-6349.8,1
2015,AT,85.61468179552654,-0.47690110747814496,4.118359325562437,342083.5,292873.7,-1631.4,1
2016,AT,83.41911615854893,-1.4514195356537152,1.3041116358348148,355665.6,296693.1,-5162.2,1
2017,AT,79.0571282095123,-0.7757526717632072,-2.130248394721679,367294.9,290372.8,-2849.3,1
2018,AT,74.58627789840314,0.19518085933331125,-1.56095887769101,383234.3,285840.2,748.0,0
2019,AT,71.00593166455567,0.5364072591120497,-1.7019649440491613,395706.8,280975.3,2122.6,0
2020,AT,83.18298980931478,-8.204373236179523,12.593455723688173,380317.9,316359.8,-31202.7,1
2021,AT,82.3989769380267,-5.693502350260873,5.806932486365213,406231.5,334730.6,-23128.8,1
2022,AT,78.14067846924065,-3.4103264437265204,4.905347763246026,449382.2,351150.3,-15325.4,1
2023,AT,77.75449928249637,-2.590316829598694,5.806544946708003,477837.3,371540.0,-12377.5,1
2024,AT,79.90317911236794,-4.676458182719016,6.258195618237616,494087.6,394791.7,-23105.8,1
1996,BE,126.61306124193226,-4.002040321814396,-3.4702622478875567,219965.3,278504.8,-8803.1,1
1997,BE,123.61384675879366,-2.1512540537777642,-1.0073435000043096,223032.7,275699.3,-4798.0,1
1998,BE,120.16378107635109,-1.0248654095803877,0.6883949288228219,231015.7,277597.2,-2367.6,1
1999,BE,115.4028185661531,-0.6482669136254909,0.7322119963745877,242307.6,279629.8,-1570.8,1
2000,BE,109.74754306558638,-0.07953150133943686,0.6211784294806844,256376.4,281366.8,-203.9,1
2001,BE,108.47769250295742,0.23307554167081226,1.9112418380562435,264334.9,286744.4,616.1,1
2002,BE,105.57473781901872,-0.043658709656406315,0.6084861639843675,273255.9,288489.2,-119.3,1
2003,BE,101.84164164890353,-1.8641878633087745,-0.7315005206434022,281200.2,286378.9,-5242.1,1
2004,BE,97.2111015542432,-0.23883185651087174,0.7552232374661738,296819.7,288541.7,-708.9,1
2005,BE,95.24167391309958,-2.7150900406918383,2.337027888863208,310037.6,295285.0,-8417.8,1
2006,BE,91.52352057425537,0.23958062626191176,0.7806356570770445,325151.5,297590.1,779.0,1
2007,BE,87.4804325373255,0.0662652723700588,1.01118955234063,343618.9,300599.3,227.7,1
2008,BE,93.17103874958742,-1.0953448695937462,9.023108170910588,351743.1,327722.7,-3852.8,1
2009,BE,99.88008106175134,-5.447684428569004,5.97920131867582,347734.9,347317.9,-18943.5,1
2010,BE,100.30560859635328,-4.133217928303524,4.904613323989349,363242.4,364352.5,-15013.6,1
2011,BE,102.8490114995456,-4.44142687937596,6.911823028523201,378745.4,389535.9,-16821.7,1
2012,BE,104.37276976111197,-4.348487336406185,3.9437956809629027,387934.9,404898.4,-16869.3,1
2013,BE,105.07163540887693,-3.163528723978204,2.4034177462790574,394616.3,414629.8,-12483.8,1
2014,BE,106.64399272715241,-3.1749194917106283,4.156454745896232,404958.3,431863.7,-12857.1,1
2015,BE,105.69264423470297,-2.475273019555372,1.697155838751896,415538.0,439193.1,-10285.7,1
2016,BE,105.77087482329449,-2.4310151234482182,3.187732229855178,428467.1,453193.4,-10416.1,1
2017,BE,102.63157657340702,-0.7632262173460421,0.4153635070590189,443407.2,455075.8,-3384.2,1
2018,BE,100.15623782622454,-1.0483973816290084,1.1281417293558693,459491.8,460209.7,-4817.3,1
2019,BE,97.69314471798532,-2.048181136143069,1.7763858519279419,479444.9,468384.8,-9819.9,1
2020,BE,111.36120706180839,-9.03446225117838,10.259470418339788,463750.9,516438.6,-41897.4,1
2021,BE,108.74058783449448,-5.401808368863616,6.5525892138968755,506047.2,550278.7,-27335.7,1
2022,BE,103.38287763373158,-3.6016875550387475,5.455199338080874,561309.1,580297.5,-20216.6,1
2023,BE,102.44629478284585,-4.006498927663654,6.344107979096925,602376.3,617112.2,-24134.2,1
2024,BE,103.88958517862653,-4.362442400250987,4.421497419756104,620271.8,644397.8,-27059.0,1
1998,BG,67.13550038697386,1.345478359230815,-3.0988517599544574,13437.6,9021.4,180.8,0
1999,BG,75.82393552216425,0.15307238136890447,7.61965991974638,12804.4,9708.8,19.6,0
2000,BG,70.47853185595568,0.10803324099722991,4.823459129861574,14440.0,10177.1,15.6,0
2001,BG,64.56841430215086,0.6790189433710776,0.9108685185367005,15905.3,10269.8,108.0,0
2002,BG,50.86478662112447,-1.059599617811801,-13.432588755379848,17478.3,8890.3,-185.2,0
2003,BG,43.22997292308347,-0.03776937276243065,-8.591386117453848,18798.3,8126.5,-7.1,0
2004,BG,35.680693304003185,1.7854095158629322,-7.386943948809455,21093.2,7526.2,376.6,0
2005,BG,26.574985752852548,1.6089917179355986,-15.1151975764662,24039.9,6388.6,386.8,0
2006,BG,20.87194454578621,2.6676395476103614,-10.44986381992925,27410.0,5721.0,731.2,0
2007,BG,16.31587539696963,-0.010472913656987435,-7.413039678377908,32464.7,5296.9,-3.4,0
2008,BG,13.017529069689397,1.4194546094016385,-8.463440880515005,37246.7,4848.6,528.7,0
2009,BG,13.663319765779297,-4.439342877835891,5.4428082333044525,37417.7,5112.5,-1661.1,0
2010,BG,15.296422042308697,-3.6636197440585008,14.562347188264058,38290.0,5857.0,-1402.8,0
2011,BG,15.1519169525481,-1.7471112514736051,7.307495304763534,41479.9,6285.0,-724.7,0
2012,BG,16.579458671456596,-0.8065260452534948,11.46698488464597,42255.3,7005.7,-340.8,0
2013,BG,16.99535383605747,-0.7271222792358797,2.0254935266996954,42056.2,7147.6,-305.8,0
2014,BG,27.006115092028534,-5.380630196143146,62.56225866024958,43024.7,11619.3,-2315.0,2
2015,BG,25.921769167951297,-1.8590412639908467,2.171387260850488,45797.8,11871.6,-851.4,0
2016,BG,29.10254122386523,0.3181401416554364,19.512955288250943,48752.1,14188.1,155.1,0
2017,BG,25.108853410740203,1.623944321908963,-7.086924958239649,52501.8,13182.6,852.6,0
2018,BG,22.19119080866991,1.7330171462448618,-5.730280824723499,56000.6,12427.2,970.5,0
2019,BG,20.117688584436085,2.1555541756406527,-0.9342410196987228,61195.4,12311.1,1319.1,0
2020,BG,24.462586793627185,-3.8283769692756624,22.91103150815119,61856.5,15131.7,-2368.1,2
2021,BG,23.849744200714834,-3.960333590300652,12.450022138953297,71345.0,17015.6,-2825.5,0
2022,BG,22.48526071828949,-2.935425972502164,13.749735536801545,86079.5,19355.2,-2526.8,0
2023,BG,22.930370922047338,-1.9924550338211677,11.986959576754552,94526.6,21675.3,-1883.4,0
2024,BG,23.84030360183566,-3.045563182932323,15.233468510239767,104768.8,24977.2,-3190.8,0
1996,CY,51.265509942839756,-2.437231467281783,8.392957633250276,7890.1,4044.9,-192.3,0
1997,CY,55.06578087303757,-4.356868664059993,14.549185393952868,8414.3,4633.4,-366.6,1
1998,CY,56.1720166947097,-3.2449795686471603,10.95955453878361,9152.6,5141.2,-297.0,0
1999,CY,56.739534741912856,-3.5366931918656053,8.59332451567727,9839.7,5583.0,-348.0,0
2000,CY,56.488902874701516,-1.7973825963015753,9.321153501701595,10804.6,6103.4,-194.2,0
2001,CY,58.13718984047092,-1.7340492463091124,10.52200412884623,11602.9,6745.6,-201.2,0
2002,CY,61.50128279400811,-3.7581726392452204,10.163662239089177,12083.0,7431.2,-454.1,1
2003,CY,64.33615874076433,-5.737571185505738,11.434223274841205,12871.3,8280.9,-738.5,1
2004,CY,65.7217678289568,-3.559334194288994,10.619618640485928,13938.0,9160.3,-496.1,1
2005,CY,64.4823894729143,-2.095177302135073,5.86662008886174,15039.3,9697.7,-315.1,0
2006,CY,59.74311046618872,-1.0231311255672106,0.19386039988862347,16263.8,9716.5,-166.4,0
2007,CY,55.42663862202262,3.1686657950088115,0.34580353007771514,17591.0,9750.1,557.4,0
2008,CY,47.105920723848605,0.6717693784686604,-8.158890678044328,19009.5,8954.6,127.7,0
2009,CY,57.64397204894112,-5.632513185724613,20.220892055479855,18675.5,10765.3,-1051.9,2
2010,CY,60.082420829243986,-5.058809625355196,8.61471579983839,19461.1,11692.7,-984.5,1
2011,CY,69.88281859795248,-5.941656049672427,18.68430730284707,19858.1,13877.4,-1179.9,1
2012,CY,84.35066733691023,-15.217435907957773,18.49842189459121,19495.4,16444.5,-2966.7,2
2013,CY,108.27480695997293,-5.594696318797359,18.781963574447367,18040.3,19533.1,-1009.3,1
2014,CY,113.48239412451096,-8.797217836959755,1.5706672264003352,17482.8,19839.9,-1538.0,1
2015,CY,111.59539015392161,-0.7684934407775214,0.9324643773406027,17944.2,20024.9,-137.9,1
2016,CY,106.92128874817239,0.45282899788574615,1.5226043575748083,19013.8,20329.8,86.1,1
2017,CY,96.47899805045193,2.1262873909533093,-3.6035770150222746,20312.4,19597.2,431.9,0
2018,CY,100.7190087950183,-3.3666853144287825,12.080297185312183,21807.8,21964.6,-734.2,1
2019,CY,92.2934587985932,1.0290202513578537,-1.6713256785919062,23400.9,21597.5,240.8,1
2020,CY,113.60397969034935,-5.57710873529517,17.686306285449692,22373.6,25417.3,-1247.8,1
2021,CY,96.4801264802433,-1.5868441855303175,-2.523084670677056,25679.9,24776.0,-407.5,1
2022,CY,80.32679606279558,2.6816976664170493,-3.8860187278010994,29645.4,23813.2,795.0,0
2023,CY,71.14725393967792,1.7096599176305212,-3.0806443485125956,32439.2,23079.6,554.6,0
2024,CY,62.76294067908727,4.138889048668113,-5.445501655141339,34770.2,21822.8,1439.1,0
1996,CZ,11.576681144226448,-2.976074584394189,-0.2580728410593869,53416.0,6183.8,-1589.7,0
1997,CZ,11.455089842065009,-3.1364069698738186,2.2073805750509434,55174.6,6320.3,-1730.5,0
1998,CZ,14.214101577497843,-4.138625677097444,35.30845054823346,60164.9,8551.9,-2490.0,2
1999,CZ,15.414248158463263,-3.0805070407871105,10.796431202422863,61470.4,9475.2,-1893.6,0
2000,CZ,17.16056562012307,-3.54699358544531,22.085021952043206,67409.2,11567.8,-2391.0,2
2001,CZ,24.085783469566426,-5.757283365715533,58.389667871159624,76070.6,18322.2,-4379.6,2
2002,CZ,25.073949922490687,-6.3449432148881675,20.148781259892367,87795.9,22013.9,-5570.6,2
2003,CZ,27.573241792333214,-6.874792054457004,11.432776563898251,88965.6,24530.7,-6116.2,2
2004,CZ,29.613892595545675,-2.405012042618061,16.886187511974793,96822.8,28673.0,-2328.6,0
2005,CZ,28.424145163685893,-3.06116349752035,9.460468036131541,110418.8,31385.6,-3380.1,0
2006,CZ,28.424280862884256,-2.185791472314325,12.806509991843406,124559.0,35405.0,-2722.6,0
2007,CZ,28.514696088842488,-0.6779099695818859,11.866120604434393,138897.5,39606.2,-941.6,0
2008,CZ,26.134090237883697,-1.9988606889495477,6.797925577308606,161852.2,42298.6,-3235.2,0
2009,CZ,33.382489207929346,-5.4562350798743875,17.792078224811235,149253.1,49824.4,-8143.6,2
2010,CZ,37.02667170722624,-4.144167527135326,18.535898074036016,159506.1,59059.8,-6610.2,2
2011,CZ,37.572975553227195,-2.711811486951013,5.953795983054455,166545.5,62576.1,-4516.4,0
2012,CZ,43.83180446435441,-3.9175155746784616,14.706253665536838,163759.4,71778.7,-6415.3,0
2013,CZ,41.812301364741074,-1.2984981616501525,-6.523522994983189,160470.0,67096.2,-2083.7,0
2014,CZ,41.248117037703274,-2.0934452470729568,-2.258250094640224,158991.5,65581.0,-3328.4,0
2015,CZ,39.84341510127704,-0.6657585031839477,3.603025266464366,170527.3,67943.9,-1135.3,0
2016,CZ,36.24967135725685,0.6848607754908151,-4.421441807137938,179145.9,64939.8,1226.9,0
2017,CZ,34.828277303855316,1.4603125872032294,5.514183905709591,196738.7,68520.7,2873.0,0
2018,CZ,31.58294825329945,0.8815233713058311,-1.5898845166497089,213505.4,67431.3,1882.1,0
2019,CZ,29.856451446274235,0.2827729094224362,1.5740464739668392,229406.7,68492.7,648.7,0
2020,CZ,37.18232350145659,-5.649750851752026,19.5990229615711,220310.6,81916.6,-12447.0,2
2021,CZ,41.972129035824636,-4.9511752054673694,26.050885901026156,246012.3,103256.6,-12180.5,2
2022,CZ,43.313814914655126,-3.0687846543692734,20.380295303157368,286976.8,124300.6,-8806.7,0
2023,CZ,40.99297052232363,-3.7347018528099896,5.235372958778961,319099.1,130808.2,-11917.4,0
2024,CZ,43.185466685498014,-2.0291094048575533,5.8907621999232385,320741.7,138513.8,-6508.2,0
1996,DE,56.6243671500304,-3.6384158801994744,3.3057545152694656,1975310.2,1118506.9,-71870.0,0
1997,DE,58.47030428399902,-3.0272269636252735,2.3875310916723125,1958620.9,1145211.6,-59291.9,0
1998,DE,59.84240584686296,-2.6495464722332356,4.961074442487301,2008653.2,1202026.4,-53220.2,0
1999,DE,60.349208565211526,-1.8664670428068013,4.290379978343228,2077240.0,1253597.9,-38771.0,0
2000,DE,59.23878459472404,-1.71431120460543,0.6371101929893097,2129660.0,1261584.7,-36509.0,0
2001,DE,58.06156144530022,-3.1246213898238695,1.0442659933970422,2195530.0,1274759.0,-68602.0,0
2002,DE,59.82311006764537,-4.086157887161773,4.33996543660411,2223360.0,1330083.1,-90850.0,1
2003,DE,63.34432638197794,-3.82950807966762,6.71709158623246,2240810.0,1419426.0,-85812.0,1
2004,DE,64.96488940445872,-3.421004430799288,4.948824383941108,2293040.0,1489670.9,-78445.0,1
2005,DE,67.12016975461258,-3.370841592459937,4.789621654017684,2325710.0,1561020.5,-78396.0,1
2006,DE,66.39671005448895,-1.7551871666570493,3.195550602954933,2426180.0,1610903.7,-42584.0,0
2007,DE,63.6870373138438,0.15486464586070442,0.5066038398198636,2542220.0,1619064.6,3937.0,0
2008,DE,65.17031761725268,-0.26296885620713095,4.2232657053955736,2589280.0,1687442.0,-6809.0,0
2009,DE,72.36237805587076,-3.175940368168021,6.948624011966031,2493970.0,1804696.0,-79207.0,1
2010,DE,81.0336945466225,-4.420975352355024,17.42929557111004,2615260.0,2119241.8,-115620.0,1
2011,DE,78.48366710230769,-0.8399983982001594,1.7286323816376292,2746910.0,2155875.7,-23074.0,1
2012,DE,79.83490397530794,-0.05433540053156526,3.661008842021829,2799280.0,2234802.5,-1521.0,0
2013,DE,77.45670648321286,0.12251960592782786,-0.6497889634542675,2866480.0,2220281.0,3512.0,0
2014,DE,74.5378408896722,0.7315201694103141,0.1927008338133751,2984470.0,2224559.5,21832.0,0
2015,DE,71.18407660437377,0.914762733112409,-1.2175758841244888,3087030.0,2197473.8,28239.0,0
2016,DE,68.30145749418661,1.1341038617180093,-0.6870980668802429,3195210.0,2182375.0,36237.0,0
2017,DE,63.987804182880254,1.3372195937127787,-2.2723454951600885,3333110.0,2132783.9,44571.0,0
2018,DE,60.75753560685259,1.8831227449964036,-2.1733050404215803,3434030.0,2086432.0,64667.0,0
2019,DE,58.68419520083228,1.327262755563597,-0.5084134062360968,3537280.0,2075824.3,46949.0,0
2020,DE,68.04193037974683,-4.379694672416192,13.108633519705881,3450720.0,2347936.5,-151131.0,1
2021,DE,67.93828652432964,-3.167279501621252,6.549674575952125,3682340.0,2501718.7,-116630.0,1
2022,DE,64.39695793091174,-1.9085123289525465,2.691233830566153,3989390.0,2569045.8,-76138.0,0
2023,DE,62.345968890648,-2.494459994643674,2.394815226727376,4219310.0,2630569.7,-105249.0,0
2024,DE,62.2268160786515,-2.6633356202514684,2.4029205536732157,4328970.0,2693780.2,-115295.0,0
2001,DK,50.20152443925051,1.125137390684803,-2.8414710151248634,184146.4,92444.3,2071.9,0
2002,DK,50.33131095113381,0.251635234197123,3.4223851551691054,189957.5,95608.1,478.0,0
2003,DK,48.06975976765335,0.13932949359564598,-2.640989623264134,193641.7,93083.1,269.8,0
2004,DK,46.22195697823581,2.234768197070806,0.7612552654563398,202915.9,93791.7,4534.7,0
2005,DK,39.31401866793763,5.201706424021906,-10.558183719881399,213381.9,83889.0,11099.5,0
2006,DK,33.20479845828968,5.286439349376292,-10.572423082883342,225930.9,75019.9,11943.7,0
2007,DK,29.452231618882184,5.307825860979773,-8.14903778864008,233960.2,68906.5,12418.2,0
2008,DK,35.56491613179131,3.4624656136842393,25.275844804191184,242720.1,86323.2,8404.1,0
2009,DK,43.07426701683386,-2.746157489129031,15.900012974495858,232270.0,100048.6,-6378.5,0
2010,DK,46.084911473524215,-2.520519245779074,12.130004817658602,243430.0,112184.5,-6135.7,0
2011,DK,50.096531710364566,-1.7655428145341687,10.792489158484454,248105.0,124292.0,-4380.4,0
2012,DK,48.59825395683142,-3.2024685736217005,-0.5682586168055836,254300.7,123585.7,-8143.9,0
2013,DK,47.7609593928736,-0.9436644899179597,0.29833548703450674,259530.8,123954.4,-2449.1,0
2014,DK,48.77461877300378,1.4280083588162282,4.524567098868615,265635.7,129562.8,3793.3,0
2015,DK,44.52708188674948,-0.8950266906202583,-6.4549392263828835,272193.0,121199.6,-2436.2,0
2016,DK,41.752522717119476,0.3024107479103864,-2.7613952521295504,282265.1,117852.8,853.6,0
2017,DK,40.11856431859489,1.6890149649233068,0.20211653859729672,294355.0,118091.0,4971.7,0
2018,DK,38.465995143800704,0.8103853167243212,-1.9490901084756596,301017.3,115789.3,2439.4,0
2019,DK,38.30693750239024,4.282924242787628,2.07730766141605,308546.2,118194.6,13214.8,0
2020,DK,45.27760788137063,0.36252279984864716,19.565276247815056,312118.3,141319.7,1131.5,0
2021,DK,39.630815332808844,4.078134980704517,-3.721844866639268,343318.7,136060.0,14001.0,0
2022,DK,33.329304262712924,3.389306758984937,-6.776054681758048,380567.5,126840.5,12898.6,0
2023,DK,32.955184438453166,3.4301457932895323,-2.7837323252431156,374173.6,123309.6,12834.7,0
2024,DK,30.54820479468951,4.45870650620488,-2.788266282592766,392400.8,119871.4,17496.0,0
1996,EA19,73.5931238789603,-4.386716020444632,6.828009117003853,5987410.6,4406322.5,-262650.7,1
1997,EA19,73.09266130388816,-3.0930758037792088,1.7299006144012363,6132691.6,4482547.5,-189688.8,1
1998,EA19,72.76101923820096,-2.474745179479963,3.579395421911302,6381158.0,4642995.6,-157917.4,1
1999,EA19,71.77946002377706,-1.5473404057902997,3.303031344677576,6682072.0,4796355.2,-103394.4,0
2000,EA19,69.33287682831156,-1.3123481993616717,1.7213091307332729,7036943.4,4878915.3,-92349.2,0
2001,EA19,68.3197736880277,-2.0000858517194238,3.1818547864522317,7368518.7,5034155.3,-147376.7,0
2002,EA19,68.26113904274044,-2.7503915522332534,3.3205948175655253,7619736.9,5201319.2,-209572.6,1
2003,EA19,69.54526754857159,-3.1489192695008024,4.887300514069581,7844564.4,5455523.3,-247019.0,1
2004,EA19,69.84742921513516,-2.8854658982936736,4.730679089941736,8180124.4,5713606.6,-236034.7,1
2005,EA19,70.4743188749881,-2.6530683817182323,4.632490798368938,8482932.5,5978288.9,-225058.0,1
2006,EA19,68.4394352224586,-1.585745752305752,2.3524088974689716,8940638.8,6118922.7,-141775.8,0
2007,EA19,66.06663959497676,-0.7372602204972821,1.8834066983719255,9436179.8,6234166.9,-69569.2,0
2008,EA19,69.7384841392469,-2.259287148246605,8.189228940919113,9671413.4,6744697.1,-218505.0,1
2009,EA19,80.18762776036651,-6.2530707397205045,10.989593587531177,9335494.9,7485911.9,-583755.1,1
2010,EA19,85.58138776089511,-6.321069819148889,9.739733912711412,9599072.9,8215019.8,-606764.1,1
2011,EA19,87.38213596217157,-4.227741901687405,5.0397127466448755,9875054.1,8629033.2,-417491.8,1
2012,EA19,90.87235931384689,-3.860314878176129,4.3241379578885075,9906383.6,9002164.5,-382417.6,1
2013,EA19,92.82449400674015,-3.2015788903753495,3.2403307004665427,10012297.4,9293864.4,-320551.6,1
2014,EA19,92.98471960157799,-2.5168177419033957,2.5913558626915245,10254052.0,9534701.5,-258075.8,1
2015,EA19,91.05038564186879,-2.002790484012826,1.3782319247225505,10616222.8,9666111.8,-212620.7,1
2016,EA19,89.98687384398534,-1.4747963801597932,1.5191020240423736,10904868.1,9812949.9,-160824.6,1
2017,EA19,87.52949185339568,-1.0103639138674954,0.954592665351317,11318040.8,9906623.6,-114353.4,1
2018,EA19,85.59760927471974,-0.4488514625567956,1.0415435587963762,11694024.5,10009805.4,-52488.8,1
2019,EA19,83.6519960670664,-0.5409020797961106,0.9903659066139214,12084516.3,10108939.1,-65365.4,1
2020,EA19,96.5617234681952,-6.990802116809363,10.470991956020391,11565084.9,11167445.3,-808492.2,1
2021,EA19,93.88786956244988,-5.112608889136052,5.598072640660257,12560309.5,11792607.0,-642159.5,1
2022,EA19,89.41089376828084,-3.4102212783693853,3.7992252264490656,13690316.9,12240634.7,-466870.1,1
2023,EA19,87.09437955554053,-3.516479156884855,3.771171277580909,14584465.8,12702250.0,-512859.7,1
2024,EA19,87.24805344151379,-3.0698860016942557,4.029402664882209,15145409.3,13214074.8,-464946.8,1
1996,EA20,73.43735812451509,-4.388287099593356,6.837910565023875,6006587.4,4411079.1,-263586.3,1
1997,EA20,72.9256161711493,-3.0777049359340602,1.7397761014986246,6153972.0,4487822.0,-189401.1,1
1998,EA20,72.57926300614477,-2.468825372194328,3.5701571942915677,6404094.1,4648044.3,-158105.9,1
1999,EA20,71.63578016482025,-1.57115305581261,3.32624411518625,6704260.9,4802649.6,-105334.2,0
2000,EA20,69.22037565553445,-1.3374505996310668,1.763751409222114,7060574.8,4887356.4,-94431.7,0
2001,EA20,68.21079302487635,-2.0090621144197063,3.2013257719449184,7394455.3,5043816.6,-148559.2,0
2002,EA20,68.14039834253987,-2.757308798040169,3.3288323766569983,7648497.7,5211716.8,-210892.7,1
2003,EA20,69.41895217961515,-3.1546169033605356,4.90104911302931,7875580.7,5467145.6,-248444.4,1
2004,EA20,69.72081880638046,-2.897180535030795,4.749675955218757,8213927.2,5726817.3,-237972.3,1
2005,EA20,70.3471505571854,-2.6547062775446193,4.655226210900776,8519767.4,5993413.6,-226174.8,1
2006,EA20,68.30287327842359,-1.5869477464620274,2.353331663945246,8981259.8,6134458.5,-142527.9,0
2007,EA20,65.93099860696621,-0.7436953270524106,1.894178597833851,9480602.8,6250656.1,-70506.8,0
2008,EA20,69.58104366146236,-2.259612964439324,8.200745518538444,9719969.9,6763256.5,-219633.7,1
2009,EA20,80.03119207860374,-6.256673208933268,11.011776649310878,9381356.2,7508011.2,-586960.8,1
2010,EA20,85.44078320908973,-6.322524846562332,9.760250490835709,9645056.6,8240811.9,-609811.1,1
2011,EA20,87.26657281011143,-4.243185513122765,5.0570454107804474,9920813.0,8657553.5,-420958.5,1
2012,EA20,90.77161482194705,-3.8675508074044918,4.335612826417989,9951251.3,9032911.5,-384869.7,1
2013,EA20,92.76285868863128,-3.211751956208197,3.2806576262814025,10057096.7,9329250.4,-323009.0,1
2014,EA20,92.94166139202648,-2.5280538613007337,2.596041371126656,10298332.8,9571441.6,-260347.4,1
2015,EA20,91.01394735889606,-2.009086665954523,1.3812109557247876,10661710.3,9703643.4,-214203.0,1
2016,EA20,89.93905705920403,-1.472890757071008,1.5136510478115817,10952441.6,9850522.7,-161317.5,1
2017,EA20,87.48040352754536,-1.0034486413690065,0.9589734766054736,11368245.0,9944986.6,-114074.5,1
2018,EA20,85.54027451192509,-0.4470820860212187,1.040530311021226,11747059.8,10048467.2,-52519.0,1
2019,EA20,83.59237655731631,-0.5373745742902343,0.9940302138817803,12140284.1,10148352.0,-65238.8,1
2020,EA20,96.51699401296644,-6.991887930326915,10.473340893181483,11615802.6,11211223.5,-812163.9,1
2021,EA20,93.81591120822131,-5.100859915852819,5.593722219524033,12618699.8,11838348.2,-643662.2,1
2022,EA20,89.3082804201386,-3.392770028140069,3.789542193056983,13757926.3,12286967.4,-466774.8,1
2023,EA20,86.95317928335193,-3.501729968075279,3.7726501984533645,14663652.1,12750511.7,-513481.5,1
2024,EA20,87.07952816547777,-3.0635543636105735,4.022153087393354,15231314.5,13263356.8,-466619.6,1
1996,EE,7.339522546419098,-0.34748010610079577,17.146486028789166,3770.0,276.7,-13.1,0
1997,EE,6.834003118343325,2.1213518677119705,12.468377303939281,4553.7,311.2,96.6,0
1998,EE,5.965466206216083,-0.755796743956586,-2.859897172236492,5067.5,302.3,-38.3,0
1999,EE,6.43622038506353,-3.2994876916532583,15.117433013562675,5406.9,348.0,-178.4,0
2000,EE,5.113746840365546,-0.06805366517596732,-9.310344827586203,6171.6,315.6,-4.2,0
2001,EE,4.932613397115481,0.26925996476704717,9.125475285171092,6982.1,344.4,18.8,0
2002,EE,5.66013623177293,0.44601208961136884,28.600464576074323,7824.9,442.9,34.9,0
2003,EE,5.5986829318485825,1.8075388432208717,10.56671934974036,8746.7,489.7,158.1,0
2004,EE,5.158697697247331,2.4142091701092068,3.022258525627941,9779.6,504.5,236.1,0
2005,EE,4.733195832672273,1.1625857175595395,6.442021803766096,11345.4,537.0,131.9,0
2006,EE,4.7166057533600565,2.8472058476774342,19.199255121042835,13571.2,640.1,386.4,0
2007,EE,3.9080123398080744,2.689273390154979,0.14060303077643166,16402.2,641.0,441.1,0
2008,EE,4.672992797357225,-2.64337591537346,21.15444617784712,16618.9,776.6,-439.3,0
2009,EE,7.97594197771095,-2.7312931186980363,45.14550605202163,14132.5,1127.2,-386.0,2
2010,EE,7.990204723982147,-0.42125113622488436,4.4978708303761605,14741.8,1177.9,-62.1,0
2011,EE,7.596509356763568,0.6217932253806318,7.9718142456914665,16741.9,1271.8,104.1,0
2012,EE,11.146926453838754,-0.3925558148021187,58.52335272841642,18086.6,2016.1,-71.0,2
2013,EE,11.434937797445103,-0.2176045754362528,8.690045136649971,19163.2,2191.3,-41.7,0
2014,EE,11.563126055701773,0.8612562360058138,7.4658878291425035,20365.6,2354.9,175.4,0
2015,EE,10.789637759448667,0.24891841853514127,-3.7326425750562664,21010.9,2267.0,52.3,0
2016,EE,10.239307765108837,-0.08607868763801885,0.2205558006175501,22189.0,2272.0,-19.1,0
2017,EE,9.434489905864838,-0.5255777036613603,0.9727112676056304,24316.1,2294.1,-127.8,0
2018,EE,8.506912268093878,-0.5775668059836979,-1.9615535504119208,26438.5,2249.1,-152.7,0
2019,EE,9.046751029955642,-0.10887851616143523,14.525810324129672,28472.1,2575.8,-31.0,0
2020,EE,19.098110864235643,-5.42332362981123,106.56106840593216,27859.3,5320.6,-1510.9,2
2021,EE,18.425093710357896,-2.5307360435947897,8.921926098560306,31453.3,5795.3,-796.0,0
2022,EE,19.187127591877886,-0.9895071472057166,20.185322588994524,36300.9,6965.1,-359.2,0
2023,EE,20.1710930452059,-2.735611445139153,11.072346412829681,38353.4,7736.3,-1049.2,0
2024,EE,23.47212009727036,-1.7283306188312,20.898879309230512,39847.7,9353.1,-688.7,0
1996,EL,102.39858331529518,-8.350547513363814,14.09588616892037,112262.1,114954.8,-9374.5,1
1997,EL,101.71656018452369,-6.247678144965402,8.372943104594155,122477.5,124579.9,-7652.0,1
1998,EL,101.10385061184313,-6.4846714579549225,1.2453052217894056,124754.2,126131.3,-8089.9,1
1999,EL,101.42939191774643,-6.024056997355647,8.230470945752554,134588.7,136512.5,-8107.7,1
2000,EL,107.53804574558778,-4.2148337595907925,8.573940115374047,137827.5,148217.0,-5809.2,1
2001,EL,110.53452614301507,-5.642333439591967,9.954323728047388,147439.0,162971.0,-8319.0,1
2002,EL,107.8715182942946,-6.196901234723288,5.178221892238488,158902.0,171410.0,-9847.0,1
2003,EL,104.25856998437644,-8.04670986122599,5.892304999708298,174096.0,181510.0,-14009.0,1
2004,EL,105.49323734152087,-9.052698446308991,9.791196077351106,188905.0,199282.0,-17101.0,1
2005,EL,109.85916939206153,-6.329932793559682,7.3734707600285,194773.0,213976.0,-12329.0,1
2006,EL,105.33413595023775,-6.044825220836308,5.493139417504778,214299.0,225730.0,-12954.0,1
2007,EL,104.63706423938974,-6.806871857050021,6.2840561733043865,229283.0,239915.0,-15607.0,1
2008,EL,110.90749157015101,-10.314784174921984,10.362003209470029,238735.0,264775.0,-24625.0,1
2009,EL,128.48162579004196,-15.423581978721678,13.704843735246918,234323.0,301062.0,-36141.0,1
2010,EL,147.84650476318262,-11.424482311373497,9.801303386013505,223590.0,330570.0,-25544.0,1
2011,EL,175.0755621083671,-10.499569971741,7.763862419457301,203475.0,356235.0,-21364.0,1
2012,EL,164.1133088397463,-9.312045788304403,-14.358499305233908,185899.0,305085.0,-17311.0,1
2013,EL,180.36594540575138,-13.596909844257048,5.300817804874058,178114.0,321257.0,-24218.0,1
2014,EL,182.67015766277433,-3.7723204143759372,0.11641769673500502,176072.0,321631.0,-6642.0,1
2015,EL,179.61998825293819,-5.90546466472403,-2.065721276866972,175363.0,314987.0,-10356.0,1
2016,EL,183.10614051178575,0.21095111437219113,1.4089470359094136,174448.0,319425.0,368.0,1
2017,EL,182.09924567872002,0.7233140524755043,1.1204508100493005,177378.0,323004.0,1283.0,1
2018,EL,189.02865748327943,0.9013597909376799,5.7002390063281005,180616.0,341416.0,1628.0,1
2019,EL,183.17267970256128,0.8235186115206203,-0.648768657590737,185181.0,339201.0,1525.0,1
2020,EL,209.3816402053241,-9.591142413751939,3.4189168074386656,167540.0,350798.0,-16069.0,1
2021,EL,197.2861980224841,-7.24095895977245,3.8036134755614404,184575.0,364141.0,-13365.0,1
2022,EL,177.7724639991498,-2.5718688559434613,1.0611274204223031,207009.0,368005.0,-5324.0,1
2023,EL,164.2781481712256,-1.439787080636978,0.30026765940680544,224686.0,369110.0,-3235.0,1
2024,EL,154.165399432279,1.229639767504731,-1.1229714719189432,236736.0,364965.0,2911.0,1
1996,ES,64.07883396173774,-5.8658761983384204,9.707852397125883,506096.6,324300.8,-29687.0,1
1997,ES,63.70972374283211,-3.8591782155640058,2.260062263182827,520533.1,331630.2,-20088.3,1
1998,ES,62.653789509152276,-2.626898896323738,4.458821904639554,552906.7,346417.0,-14524.3,0
1999,ES,60.85314880334385,-1.2401678644988088,4.562853439640668,595242.0,362223.5,-7382.0,0
2000,ES,57.84050811573747,-1.161266212558044,3.4049971909608345,647569.0,374557.2,-7520.0,0
2001,ES,54.05222566829967,-0.4549487986441413,1.1550171776166573,700958.0,378883.4,-3189.0,0
2002,ES,51.23686218229155,-0.3142405941227939,1.3887913801449159,749744.0,384145.3,-2356.0,0
2003,ES,47.68694490851308,-0.37486778715881613,-0.35671398296425183,802683.0,382775.0,-3009.0,0
2004,ES,45.33269229204043,-0.10941109854091405,1.8582457057017887,860059.0,389887.9,-941.0,0
2005,ES,42.39519158041723,1.2305494320789723,0.9210852657904889,928122.0,393479.1,11421.0,0
2006,ES,39.019061151709096,2.1216427058954643,-0.3423053473488036,1004976.0,392132.2,21322.0,0
2007,ES,35.69813120800044,1.8827125835583054,-1.9050208067585395,1077541.0,384662.0,20287.0,0
2008,ES,39.6088030549283,-4.560368633768176,14.547576833687748,1112432.0,440621.0,-50731.0,0
2009,ES,53.07928312472623,-11.237383386611246,29.257434393730676,1072990.0,569535.4,-120576.0,2
2010,ES,60.26602732222681,-9.487394918975625,13.979306641869837,1077145.0,649152.5,-102193.0,2
2011,ES,69.52841329103856,-9.691772169665665,14.463581361852551,1068690.0,743043.2,-103575.0,2
2012,ES,89.56038047654165,-11.495959319049696,24.866669932515386,1035964.0,927813.3,-119094.0,2
2013,ES,100.0149368401758,-7.488407374041098,10.561596821257035,1025652.0,1025805.2,-76805.0,1
2014,ES,104.44838004560377,-6.036484947769332,5.786693224015638,1038949.0,1085165.4,-62716.0,1
2015,ES,102.4852085157739,-5.266062742385329,2.669049344920138,1087112.0,1114129.0,-57248.0,1
2016,ES,102.02036212996464,-4.221050128810552,2.8296543757500237,1122967.0,1145655.0,-47401.0,1
2017,ES,101.20718036553096,-3.0685695336164045,3.3599382012909684,1170024.0,1184148.3,-35903.0,1
2018,ES,99.7909551950216,-2.5524715493831436,2.1613424602306974,1212276.0,1209741.8,-30943.0,1
2019,ES,97.65925134201689,-3.0646640770194065,1.2086876720305062,1253710.0,1224363.8,-38422.0,1
2020,ES,119.27910918568136,-9.909282031572403,10.00949227672363,1129214.0,1346916.4,-111897.0,1
2021,ES,115.69680948364757,-6.651212409164418,6.124181129578643,1235474.0,1429404.0,-82174.0,1
2022,ES,109.3208408104586,-4.586575843670482,5.226024273053653,1375863.0,1504105.0,-63105.0,1
2023,ES,105.18213520047591,-3.3401190176536844,4.738498974473182,1497761.0,1575377.0,-50027.0,1
2024,ES,101.64602058544969,-3.215582721268495,2.868900586970602,1594330.0,1620573.0,-51267.0,1
2001,EU27_2020,65.75933400266453,-1.950206247718829,3.50210169774694,8260285.3,5431908.6,-161092.6,0
2002,EU27_2020,65.6104686411476,-2.7771044283040216,3.389118145323744,8559613.3,5616002.4,-237709.4,1
2003,EU27_2020,66.83452543080747,-3.136267644646598,4.639656136899073,8792709.4,5876565.6,-275762.9,1
2004,EU27_2020,67.14688082079705,-2.734196236095946,5.072520589236684,9195744.5,6174655.6,-251429.7,1
2005,EU27_2020,67.22749408614513,-2.3875542581223823,4.522355870341999,9600083.4,6453895.5,-229207.2,1
2006,EU27_2020,65.04351101935056,-1.4318703974499472,2.402294862072063,10160793.9,6608937.1,-145489.4,0
2007,EU27_2020,62.381429235875686,-0.5708984173719447,1.8306680509941664,10788346.6,6729924.8,-61590.5,0
2008,EU27_2020,65.09869882477791,-2.088371604303763,7.726876829292362,11136839.8,7249937.8,-232578.6,0
2009,EU27_2020,75.74202735240537,-6.0599104264404815,11.272197397334915,10650843.9,8067165.1,-645431.6,1
2010,EU27_2020,80.39800594220029,-6.018926766903015,10.09949207559917,11047423.0,8881907.8,-664936.3,1
2011,EU27_2020,81.67331516553087,-4.069393609004377,4.895361557344691,11407286.8,9316709.3,-464207.4,1
2012,EU27_2020,84.97873328472878,-3.7261041937795416,4.586443413019214,11466415.8,9744014.9,-427250.6,1
2013,EU27_2020,86.76359018288228,-3.0834990234713007,3.238923618641021,11594282.9,10059616.1,-357509.6,1
2014,EU27_2020,86.91281857306377,-2.4439339038530483,2.5299633452214865,11867203.1,10314120.7,-290026.6,1
2015,EU27_2020,85.0631023507396,-1.9032076711430557,1.5087209518500178,12308194.4,10469732.0,-234250.5,1
2016,EU27_2020,84.06374867983345,-1.358354927726793,1.4754322269185272,12638272.7,10624205.8,-171672.6,1
2017,EU27_2020,81.52570924492707,-0.8659555175738226,1.0562464819723116,13169371.6,10736423.6,-114040.9,1
2018,EU27_2020,79.51039148938612,-0.3959035437403882,0.9292451911081523,13628647.9,10836191.3,-53956.3,0
2019,EU27_2020,77.45244287499507,-0.45789802164495536,0.9435206261078077,14122773.4,10938433.0,-64667.9,0
2020,EU27_2020,89.49831599830516,-6.68911830423513,11.101947600721228,13578816.5,12152812.1,-908303.1,1
2021,EU27_2020,86.73167436450608,-4.623037656673181,5.568982671920031,14792289.2,12829600.1,-683853.1,1
2022,EU27_2020,82.34812511074674,-3.1591995298092064,3.787394745063022,16169776.4,13315507.7,-510835.5,1
2023,EU27_2020,80.51569246305296,-3.437451028017312,4.350867522685609,17257316.4,13894847.8,-593211.8,1
2024,EU27_2020,80.74500662609613,-3.1413197563529196,4.690342128108793,18015434.4,14546563.7,-565922.4,1
1996,FI,55.47546429488023,-3.143873018558338,2.0988200329046247,104034.1,57713.4,-3270.7,0
1997,FI,51.30520582194839,-1.1763550316992588,-0.44478405361667583,111990.0,57456.7,-1317.4,0
1998,FI,47.1331917460519,1.6756537271932799,-1.8147578959459842,119690.6,56414.0,2005.6,0
1999,FI,44.064844587352624,1.6841624109450855,-0.8880774275888959,126888.0,55913.0,2137.0,0
2000,FI,45.13953045033948,6.888536946607423,10.106773022374039,136386.0,61564.0,9395.0,0
2001,FI,43.44353550510673,4.979497002344187,2.048274965889152,144613.0,62825.0,7201.0,0
2002,FI,42.64281864726489,4.083804904338454,0.7544767210505343,148440.0,63299.0,6062.0,0
2003,FI,45.15601724297033,2.4407767246266,8.22919793361665,151714.0,68508.0,3703.0,0
2004,FI,44.93798073591574,2.2149287203683987,4.126525369299938,158741.0,71335.0,3516.0,0
2005,FI,42.1440977493836,2.6593225073785725,-2.7167589542300363,164666.0,69397.0,4379.0,0
2006,FI,40.22422640155963,3.9881754704647085,0.1945329048806066,172861.0,69532.0,6894.0,0
2007,FI,35.99933710754361,5.111756183877814,-3.1525053212909215,187059.0,67340.0,9562.0,0
2008,FI,34.7150365760117,4.179600829845613,0.14107514107513097,194253.0,67435.0,8119.0,0
2009,FI,44.13018956172449,-2.4816353481717885,18.929339363831833,181735.0,80200.0,-4510.0,0
2010,FI,50.112943602608595,-2.5745826401696545,17.56359102244389,188147.0,94286.0,-4844.0,0
2011,FI,52.02448711138094,-1.0128759707571273,9.060730118999638,197655.0,102829.0,-2002.0,0
2012,FI,57.856151872960105,-2.150934733353961,12.741541782960052,200378.0,115931.0,-4310.0,0
2013,FI,60.811707297896284,-2.521904499820636,6.744529073328098,203497.0,123750.0,-5132.0,0
2014,FI,64.81261081829443,-2.9948264555148043,7.814141414141407,205855.0,133420.0,-6165.0,1
2015,FI,68.764272664992,-2.426828804140976,8.332333982911111,210192.0,144537.0,-5101.0,1
2016,FI,68.64920242725422,-1.701303096186207,2.4568103668956676,215717.0,148088.0,-3670.0,0
2017,FI,66.58077665927924,-0.6292666862478082,1.0284425476743575,224706.0,149611.0,-1414.0,0
2018,FI,65.35822858498092,-0.8719087557404972,1.3087272994632748,231905.0,151569.0,-2022.0,0
2019,FI,65.32798363226256,-0.9341014095372258,2.8040034571713113,238518.0,155819.0,-2228.0,0
2020,FI,75.31717057198577,-5.5341452787166805,14.260776927075636,236387.0,178040.0,-13082.0,1
2021,FI,73.12593462076507,-2.6523130356482447,2.1742305099977433,248764.0,181911.0,-6598.0,1
2022,FI,73.9639656565277,-0.1792323444868206,8.208959326263932,266135.0,196844.0,-477.0,0
2023,FI,77.08357766961825,-2.8953849762505133,6.8465383755664355,272848.0,210321.0,-7900.0,1
2024,FI,82.45561905037994,-4.404938343183687,8.190337626770505,275963.0,227547.0,-12156.0,1
1996,FR,59.956923510217145,-3.8961496686152137,5.68415231916326,1259759.1,755312.8,-49082.1,1
1997,FR,61.987562521163476,-3.711444175170879,4.992726192380159,1279326.8,793023.5,-47481.5,1
1998,FR,62.49582985837104,-2.391312261625435,5.42681269848877,1337784.3,836059.4,-31990.6,0
1999,FR,61.423125001791924,-1.5442304329003087,2.497920602292125,1395148.0,856943.5,-21544.3,0
2000,FR,59.72138767316563,-1.3126553680751563,2.6911109075452577,1473517.0,880004.8,-19342.2,0
2001,FR,59.322253673195554,-1.4173590637297224,3.1440510324489024,1530071.0,907672.6,-21686.6,0
2002,FR,61.25604277939341,-3.175565312703934,6.516655895528856,1578330.0,966822.5,-50120.9,1
2003,FR,65.36386011823858,-4.087805497459492,9.679532696022264,1622313.0,1060406.4,-66317.0,1
2004,FR,66.87940272671315,-3.555186344265813,6.972845505270442,1696108.0,1134346.9,-60299.8,1
2005,FR,68.18603692975447,-3.5073618879848905,5.917396168667621,1762048.0,1201470.7,-61801.4,1
2006,FR,65.40081071667116,-2.657748747170265,0.4862374088689725,1846021.0,1207312.7,-49062.6,1
2007,FR,65.47677457174763,-2.98964949253719,5.097767960197874,1937876.0,1268858.7,-57935.7,1
2008,FR,69.81917587939698,-3.502015075376885,9.500104306334523,1990000.0,1389401.6,-69690.1,1
2009,FR,84.05561410033887,-7.378393875526903,17.113885574912246,1935840.0,1627182.2,-142833.9,1
2010,FR,86.27793043848553,-7.152060919554626,5.837699060375656,1996075.0,1722172.2,-142760.5,1
2011,FR,88.74932897410991,-5.304443294614675,6.269065311819588,2062141.0,1830136.3,-109385.1,1
2012,FR,91.74194926272108,-5.171089989067594,4.682651232042101,2088287.0,1915835.2,-107987.2,1
2013,FR,94.55779983700819,-4.938415885664267,4.651913692785259,2120352.0,2004958.2,-104711.8,1
2014,FR,96.16440385135948,-4.573640279458967,3.300133638696301,2153733.0,2071124.5,-98504.0,1
2015,FR,96.97778960862215,-3.8921105731710974,3.0778690513293627,2201402.0,2134871.0,-85681.0,1
2016,FR,98.14974242982966,-3.764875198212758,2.6068835072470486,2231819.0,2190524.6,-84025.2,1
2017,FR,98.7609444770018,-3.3624967872928213,3.3216335484202997,2291681.0,2263285.8,-77057.7,1
2018,FR,98.5299123744408,-2.3188018152615966,2.5384023528977284,2355363.0,2320737.1,-54616.2,1
2019,FR,98.15772259515741,-2.393936864748765,2.8724451382278415,2432207.0,2387399.0,-58225.5,1
2020,FR,114.90659438306741,-8.932689636609274,11.579673108684396,2318276.0,2663852.0,-207084.4,1
2021,FR,112.7857240255779,-6.584620561683695,6.191372493667058,2508102.0,2828781.0,-165149.0,1
2022,FR,111.36557426402517,-4.743637615264825,4.484546523749988,2653997.0,2955639.0,-125896.0,1
2023,FR,109.76458159829218,-5.367300397446774,4.97026192982295,2826542.0,3102542.0,-151709.0,1
2024,FR,113.19778074591595,-5.810301722661735,6.533996961201494,2919900.0,3305262.0,-169655.0,1
1996,HR,24.80392974844604,-4.878811897709733,16.872650433671588,19176.8,4756.6,-935.6,2
1997,HR,24.786188229544557,1.351948271649029,10.890131606609765,21280.4,5274.6,287.7,0
1998,HR,22.012460706048547,-0.8218485269945632,-4.28089333788344,22936.1,5048.8,-188.5,0
1999,HR,28.367336821563935,-8.742208942308991,24.671209000158445,22188.9,6294.4,-1939.8,2
2000,HR,35.719575309018126,-8.812464824195029,34.103329944077274,23631.3,8441.0,-2082.5,2
2001,HR,37.24982167987199,-4.5592119214234765,14.456817912569587,25936.5,9661.3,-1182.5,0
2002,HR,36.1515112531249,-4.589911998581407,7.620092534131029,28760.9,10397.5,-1320.1,0
2003,HR,37.4715875201104,-4.595325683592176,11.77975474873767,31016.3,11622.3,-1425.3,0
2004,HR,39.08178932452142,-5.7320864901324455,13.666830145496167,33802.7,13210.7,-1937.6,2
2005,HR,41.06078745971891,-3.032178721810023,14.488255732095956,36834.9,15124.7,-1116.9,0
2006,HR,38.245734964673446,-1.8517515570763892,2.7180704410666,40621.0,15535.8,-752.2,0
2007,HR,37.11860972919434,-2.1106183733651487,6.136793728034617,44423.0,16489.2,-937.6,0
2008,HR,38.22248308671342,-2.3247145078413807,12.555490866749142,48556.5,18559.5,-1128.8,0
2009,HR,48.18725156068406,-6.98998938102496,19.07271208814891,45861.3,22099.3,-3205.7,2
2010,HR,56.089753347918176,-6.626246634684389,16.71048404248099,45983.8,25792.2,-3047.0,2
2011,HR,62.32732867267351,-7.576231071988182,10.577228774590752,45758.9,28520.3,-3466.8,1
2012,HR,68.52813939649236,-5.465178736596706,7.80742138056052,44867.7,30747.0,-2452.1,1
2013,HR,78.98851098119837,-5.485353565792322,15.088626532669869,44799.3,35386.3,-2457.4,1
2014,HR,82.97452388964041,-5.1300002032488194,3.830295905477521,44280.7,36741.7,-2271.6,1
2015,HR,82.51607584501237,-3.4785380599065676,2.1577662438047263,45487.5,37534.5,-1582.3,1
2016,HR,78.98472889318634,-1.0360810114874879,0.11003210379785244,47573.5,37575.8,-492.9,1
2017,HR,76.41954971984471,0.555530103995076,2.102683109873915,50204.3,38365.9,278.9,0
2018,HR,72.90351897698325,-0.056943205751640885,0.7785559572432765,53035.3,38664.6,-30.2,0
2019,HR,70.67824084866176,0.2270127206022113,1.94260382882534,55767.8,39415.7,126.6,0
2020,HR,86.32235625362298,-7.239272996857119,11.074521066478592,50717.8,43780.8,-3671.6,1
2021,HR,78.34096015783416,-2.5735394859428946,4.483243796367353,58390.4,45743.6,-1502.7,1
2022,HR,68.53336962020074,0.14110463929571926,1.2928584545160549,67609.4,46335.0,95.4,0
2023,HR,60.94981076272032,-0.7852368402109959,4.1629437790007495,79186.3,48263.9,-621.8,0
2024,HR,57.37021740243897,-1.94726279666423,2.1135880026272202,85905.2,49284.0,-1672.8,0
1996,HU,66.64516496234039,-4.360057783571794,-8.220706850153592,36896.3,24589.6,-1608.7,1
1997,HU,58.58095670674858,-5.538715306829863,-0.34404789016494464,41831.0,24505.0,-2316.9,1
1998,HU,57.59238047923308,-7.41251857269687,2.1828198326872217,43477.8,25039.9,-3222.8,1
1999,HU,59.83977103953688,-5.267391563587481,10.220088738373544,46121.5,27599.0,-2429.4,1
2000,HU,54.59631312511086,-3.037763470036588,1.4833870792420045,51300.9,28008.4,-1558.4,0
2001,HU,54.63418613323389,-3.995751538236155,17.17234829551133,60068.8,32818.1,-2400.2,1
2002,HU,57.12506599540574,-8.79414030449131,24.953607917582076,71785.3,41007.4,-6312.9,2
2003,HU,56.206449866081265,-7.190998112661625,3.269897628232954,75344.2,42348.3,-5418.0,1
2004,HU,60.26983840960974,-6.597269873016517,19.261221820002206,83798.3,50505.1,-5528.4,2
2005,HU,59.424062769575656,-7.786636190308738,7.069583071808583,90999.5,54075.6,-7085.8,1
2006,HU,67.6882023601147,-9.26868170612324,15.206858546183511,92037.9,62298.8,-8530.7,2
2007,HU,64.96480352296905,-5.0852706211499275,6.74892614303968,102368.2,66503.3,-5205.7,1
2008,HU,67.71159266633911,-3.784859085989132,10.24610808786932,108278.8,73317.3,-4098.2,1
2009,HU,81.05364946418321,-4.7592266614133525,4.3793211152074685,94416.6,76528.1,-4493.5,1
2010,HU,79.46190745941254,-4.436195044735584,3.3796736100857094,99562.8,79114.5,-4416.8,1
2011,HU,71.46172694728442,-5.219788031600137,-7.87832824577036,101986.9,72881.6,-5323.5,1
2012,HU,77.54628680364753,-2.330568444257296,6.378976312265361,99979.9,77530.7,-2330.1,1
2013,HU,77.17601547388782,-2.598255176307028,1.7433094245247416,102210.9,78882.3,-2655.7,1
2014,HU,74.83479145683512,-2.7730208124677316,0.8791579353036205,106335.3,79575.8,-2948.7,1
2015,HU,74.2910308894678,-2.0028532440143905,5.359166982926955,112854.0,83840.4,-2260.3,1
2016,HU,75.0337711793539,-1.7916093092668117,4.346472583623173,116593.5,87484.5,-2088.9,1
2017,HU,71.7371534123288,-2.454911670498536,4.322251370242736,127222.5,91265.8,-3123.2,1
2018,HU,68.36806267389076,-2.046492897935276,2.3133528660242986,136580.0,93377.1,-2795.1,0
2019,HU,63.96013657842809,-2.0243164971650205,0.9456279965858849,147373.2,94260.1,-2983.3,0
2020,HU,75.95335163668683,-7.486839217153816,11.967417815173121,138954.5,105540.6,-10403.3,1
2021,HU,74.0119647651797,-7.110072355146133,8.676281923733619,154971.7,114697.6,-11018.6,1
2022,HU,72.31018694588602,-6.190709841402442,6.258544206679129,168546.1,121876.0,-10434.2,1
2023,HU,73.05219734798806,-6.772185216854162,18.188404607962184,197178.6,144043.3,-13353.3,1
2024,HU,70.64983952153003,-5.02106143415772,1.0578069233348586,206040.1,145567.0,-10345.4,1
1996,IE,74.44821319397334,-0.19764997529375308,7.532425429375333,59701.5,44446.7,-118.0,0
1997,IE,59.62775647302745,1.3732446374940508,-1.9070032195866005,73118.8,43599.1,1004.1,0
1998,IE,51.32792242852727,2.071104700883875,-5.152399934861041,80565.7,41352.7,1668.6,0
1999,IE,46.57039244319192,3.537000016165448,4.498376164071516,92790.5,43212.9,3282.0,0
2000,IE,36.412545059555576,4.855325530230342,-8.578456895973197,108495.3,39505.9,5267.8,0
2001,IE,33.577826703754305,0.9592986111793672,3.769057280051835,122089.2,40994.9,1171.2,0
2002,IE,30.88959461874044,-0.5193462546112845,2.474210206635452,135997.9,42009.2,-706.3,0
2003,IE,29.832068137183853,0.34607138907340385,3.3787836950001537,145576.9,43428.6,503.8,0
2004,IE,28.102969409957762,1.2982209138615128,1.117005844075103,156260.0,43913.7,2028.6,0
2005,IE,26.0595583969636,1.5704011818670776,1.0645880442777589,170306.8,44381.2,2674.5,0
2006,IE,23.65320074714925,2.775365273567162,-1.4479103764657109,184916.2,43738.6,5132.1,0
2007,IE,23.94846688526986,0.2678244313932046,7.902630628323726,197069.4,47195.1,527.8,0
2008,IE,42.51373589701147,-7.030536674444557,68.70607329998242,187283.0,79621.0,-13167.0,2
2009,IE,61.76473884746138,-13.872841917488055,31.502241870863212,169519.7,104703.4,-23517.2,2
2010,IE,86.23151102716749,-32.14496897254553,37.74777132356735,167255.1,144226.6,-53764.1,2
2011,IE,109.59060861689322,-13.470451778068906,31.54556787721543,173120.4,189723.7,-23320.1,2
2012,IE,118.9110750139139,-8.41543432609433,10.69940128724034,176621.9,210023.0,-14863.5,1
2013,IE,117.67544008318909,-6.276577481867993,2.4832994481556847,182908.6,215238.5,-11480.4,1
2014,IE,101.38752281339157,-3.517287827357525,-5.510306009380283,200594.9,203378.2,-7055.5,1
2015,IE,74.03138426981643,-1.9728745360064843,-0.8867223724076778,272282.9,201574.8,-5371.8,1
2016,IE,72.68316124451906,-0.7618513328049443,-0.5049738360152101,275933.1,200556.9,-2102.2,0
2017,IE,65.22187919550144,-0.2975360448298451,0.28181528533797184,308366.0,201122.1,-917.5,0
2018,IE,61.337964289124415,0.09044089563639837,2.2093544170431745,335136.0,205565.6,303.1,0
2019,IE,55.78948439131432,0.4062376461364125,-1.2793482956292235,363752.6,202935.7,1477.7,0
2020,IE,56.897241417792266,-4.868169461714563,7.025575095954029,381728.7,217193.1,-18583.2,1
2021,IE,52.443766249201964,-1.3075848080400478,8.28221522691097,448445.1,235181.5,-5863.8,0
2022,IE,42.94265384130847,1.5814497816862243,-4.920114889989224,520718.4,223610.3,8234.9,0
2023,IE,41.750862540802025,1.3642666459321462,-2.026516667613254,524728.8,219078.8,7158.7,0
2024,IE,38.26976184189532,4.01660145040585,-1.6883422768428469,562794.2,215380.0,22605.2,0
1996,IT,121.70690119998703,-6.608281177337597,14.932871417119653,1035611.2,1260410.3,-68436.1,1
1997,IT,115.7270549682079,-2.9803023749138116,0.9110922054508697,1099046.2,1271893.8,-32754.9,1
1998,IT,114.32062922636234,-2.985919140053317,2.1894516664834773,1136926.3,1299741.3,-33947.7,1
1999,IT,113.05854861157879,-1.7747021633142108,2.429660425501612,1177549.7,1331320.6,-20898.0,1
2000,IT,108.74276819285441,-2.42009563089348,1.6711752225571974,1244744.2,1353569.3,-30124.0,1
2001,IT,108.5130317507004,-3.1808241807744335,4.909781863403673,1308623.1,1420026.6,-41625.0,1
2002,IT,105.94748607234274,-2.879775566953048,1.1348519809417645,1355522.3,1436141.8,-39036.0,1
2003,IT,105.11352121573319,-3.226200633706497,2.423305275286869,1399386.0,1470943.9,-45147.0,1
2004,IT,104.7420802134715,-3.4609246524631385,3.7745355210351716,1457356.2,1526465.2,-50438.0,1
2005,IT,106.17676349472217,-4.0985326199236045,4.271443593997426,1499073.1,1591667.3,-61440.0,1
2006,IT,106.25744215425932,-3.605442063482193,4.134312491058911,1559864.2,1657471.8,-56240.0,1
2007,IT,103.46395126885774,-1.325942389982947,1.2318821955221049,1621714.5,1677889.9,-21503.0,1
2008,IT,105.80289037273285,-2.5839577913205103,3.648159512730853,1643718.8,1739102.0,-42473.0,1
2009,IT,116.14108972955611,-5.056540379726922,5.790166419220943,1584106.8,1839798.9,-80101.0,1
2010,IT,118.75761884815965,-4.161390682883043,4.437099076426243,1617944.7,1921432.6,-67329.0,1
2011,IT,119.1288663395364,-3.5243955726756653,2.756495335823894,1657362.2,1974396.8,-58412.0,1
2012,IT,125.90061170366683,-2.9854886877537092,4.124419164374649,1632898.5,2055829.2,-48750.0,1
2013,IT,131.85384065622512,-2.874553117829847,3.9821061010321346,1621260.7,2137694.5,-46604.0,1
2014,IT,134.7969494166012,-2.8184990415196016,3.1533645242573183,1635870.7,2205103.8,-46107.0,1
2015,IT,134.78984898312532,-2.4591203260886623,1.6700211572806767,1663277.7,2241929.5,-40902.0,1
2016,IT,134.24127083525553,-2.4046595822393755,2.0826613860962073,1704856.7,2288621.3,-40996.0,1
2017,IT,133.74241111887522,-2.5088664729523136,1.9446511312291026,1744493.0,2333127.0,-43767.0,1
2018,IT,134.19966334867937,-2.1919911546339286,2.2544850751802237,1777744.4,2385727.0,-38968.0,1
2019,IT,133.89949862166966,-1.4501126011520193,1.2536807438570996,1804066.8,2415636.4,-26161.0,1
2020,IT,154.37999573535973,-9.378795444511503,6.7281607447213565,1670011.9,2578164.3,-156627.0,1
2021,IT,145.81918097045363,-8.87567670013157,4.210937991810693,1842507.4,2686729.2,-163535.0,1
2022,IT,138.35597865663138,-8.100756699231049,2.892874354438102,1998072.6,2764452.9,-161859.0,1
2023,IT,133.94639797028069,-7.155086267316972,3.815760434912807,2142601.7,2869937.8,-153305.0,1
2024,IT,134.88312114359422,-3.3613542415565165,3.379080201668483,2199619.4,2966915.3,-73937.0,1
1996,LT,14.023857577491944,-3.2322197788956837,58.48510638297873,6639.4,931.1,-214.6,2
1997,LT,15.711640978743336,-11.69785648963933,51.30490817312854,8966.6,1408.8,-1048.9,2
1998,LT,15.823237338629593,-3.0198609731876864,13.10335036910848,10070.0,1593.4,-304.1,0
1999,LT,23.98909059257038,-2.809559271545596,55.66712689845612,10339.7,2480.4,-290.5,2
2000,LT,23.28990618776842,-3.1814582883466493,17.40445089501692,12503.7,2912.1,-397.8,0
2001,LT,23.265428356475564,-3.5250206344452804,9.378112015384076,13690.7,3185.2,-482.6,0
2002,LT,22.176027198692775,-1.8554147009988669,5.666834107748331,15177.2,3365.7,-281.6,0
2003,LT,20.36090820769314,-1.2635985271010999,0.873518138871554,16674.6,3395.1,-210.7,0
2004,LT,18.59112627986348,-1.3864846416382253,0.27686960619717205,18312.5,3404.5,-253.9,0
2005,LT,17.63985514152292,-0.343562374916611,8.735497136143344,20986.0,3701.9,-72.1,0
2006,LT,17.29987166452774,-0.27333788896481603,12.155919933007354,23999.6,4151.9,-65.6,0
2007,LT,15.876848257738315,-0.8155926996187243,11.026277126135021,29034.1,4609.7,-236.8,0
2008,LT,14.570527275564437,-3.084468731546273,3.306071978653713,32683.1,4762.1,-1008.1,0
2009,LT,27.910727195210114,-9.055183791499063,58.09201822725267,26973.5,7528.5,-2442.5,2
2010,LT,36.70409277239963,-6.948531272367099,34.868831772597474,27663.4,10153.6,-1922.2,2
2011,LT,37.441415806144256,-5.913140885329487,14.557398361172403,31066.4,11631.7,-1837.0,2
2012,LT,39.90986871397456,-3.145870687476685,14.052116199695664,33240.4,13266.2,-1045.7,0
2013,LT,38.86132935711418,-2.6936973103171415,2.1581161146371874,34874.0,13552.5,-939.4,0
2014,LT,40.727710168332415,-1.7896133215783534,9.418926397343675,36410.1,14829.0,-651.6,0
2015,LT,42.42014705921631,-0.7668125863031409,7.103648256794126,37440.7,15882.4,-287.1,0
2016,LT,39.79423348883457,0.033744883528632925,-2.7325844960459422,38820.7,15448.4,13.1,0
2017,LT,39.129406310172065,0.3600270611667526,7.077755625178006,42274.6,16541.8,152.2,0
2018,LT,33.34813286497168,0.5223364107653534,-7.370419180500298,45947.4,15322.6,240.0,0
2019,LT,35.59379518757412,0.4118669677817674,14.380718676986914,49239.2,17526.1,202.8,0
2020,LT,45.882191442884256,-6.416245230241562,31.589458008341854,50264.6,23062.5,-3225.1,2
2021,LT,43.32655605537736,-1.149903630986914,6.537018970189701,56709.1,24570.1,-652.1,0
2022,LT,38.315710386383046,-0.7179369449815223,4.609260849569186,67081.1,25702.6,-481.6,0
2023,LT,37.11196630649784,-0.6636435808765154,7.30626473586331,74317.0,27580.5,-493.2,0
2024,LT,37.966636369850704,-1.2812008678898479,8.744221460814705,78996.2,29992.2,-1012.1,0
1996,LU,9.755741977026018,2.322303958790191,-0.24225107149512537,16462.1,1606.0,382.3,0
1997,LU,9.411866909912257,2.5036921205803147,1.1892901618928864,17266.5,1625.1,432.3,0
1998,LU,9.142660379768628,2.847431646645229,1.2983816380530477,18005.7,1646.2,512.7,0
1999,LU,8.074830395468128,3.108361965757892,0.7896974851172356,20547.8,1659.2,638.7,0
2000,LU,7.4941268598277215,5.5451144174715035,3.821118611378971,22986.0,1722.6,1274.6,0
2001,LU,7.623147500617674,5.6264892231542,5.677464298153967,23879.9,1820.4,1343.6,0
2002,LU,7.4478931354478615,2.0310981924025735,2.329158426719391,25011.1,1862.8,508.0,0
2003,LU,7.434619652041956,0.2729979830176953,4.67575692505906,26227.3,1949.9,71.6,0
2004,LU,7.829893506069656,-1.3934315735702072,13.19554848966613,28189.4,2207.2,-392.8,0
2005,LU,7.950199795251147,-0.20772101317657937,9.07031533164191,30281.0,2407.4,-62.9,0
2006,LU,8.20512070226774,1.9116313094367225,16.478358394948888,34175.0,2804.1,653.3,0
2007,LU,8.091780701824296,4.362957236483812,8.623087621696811,37641.9,3045.9,1642.3,0
2008,LU,14.62748940254339,3.373940254338959,92.14025411208509,40009.6,5852.4,1349.9,2
2009,LU,15.285257370546496,-0.20998343179507667,1.9923450208461535,39050.7,5969.0,-82.0,0
2010,LU,19.08958627634561,-0.31743261631924385,35.60897972859776,42402.7,8094.5,-134.6,2
2011,LU,18.503051428700353,0.6583415118390922,1.3181790104392022,44323.5,8201.2,291.8,0
2012,LU,20.849112972905587,0.5063813507228185,18.279032336731184,46526.2,9700.3,235.6,0
2013,LU,22.406990599761684,0.843679027182271,13.404740059585807,49094.5,11000.6,414.2,0
2014,LU,21.86332453520186,1.3388349008424194,2.9334763558351185,51791.3,11323.3,693.4,0
2015,LU,21.133198995979114,1.3340770525079282,1.0482809781600766,54142.3,11442.0,722.3,0
2016,LU,19.597531316660767,1.892965604601472,-3.7283691662296836,56208.1,11015.4,1064.0,0
2017,LU,21.80223762566874,1.3668839652872329,15.130635292408812,58168.8,12682.1,795.1,0
2018,LU,20.87006216628401,3.1752650622825755,-0.9438499932976407,60193.4,12562.4,1911.3,0
2019,LU,22.33886085075703,2.678683008892093,10.988346175889951,62415.0,13942.8,1671.9,0
2020,LU,24.532707382417147,-3.092441456638222,13.487965114611121,64499.2,15823.4,-1994.6,0
2021,LU,24.18458505329308,1.1144654604700197,11.63403566869321,73039.5,17664.3,814.0,0
2022,LU,24.901604562420502,0.21360281085138771,8.169018868565402,76731.2,19107.3,163.9,0
2023,LU,24.682063678599047,-0.6548093843427856,6.073594908752145,82115.5,20267.8,-537.7,0
2024,LU,26.280832162338722,0.8883700799370622,11.74819171296344,86180.3,22648.9,765.6,0
1996,LV,13.70367125208096,-0.43371593796547797,11.455549616960647,4565.2,625.6,-19.8,0
1997,LV,11.074563363663993,1.453368848209657,-0.9750639386189253,5593.9,619.5,81.3,0
1998,LV,9.220472820068371,0.02888920988010978,-7.263922518159804,6230.7,574.5,1.8,0
1999,LV,13.204490052111463,-3.839023749397872,57.45865970409052,6850.7,904.6,-263.0,2
2000,LV,12.009978617248752,-2.792824899025897,11.762104797700633,8418.0,1011.0,-235.1,0
2001,LV,14.20574589967546,-1.986452048528675,29.020771513353118,9182.2,1304.4,-182.4,2
2002,LV,12.717203536225993,-2.3971141144192663,-4.055504446488811,9841.0,1251.5,-235.9,0
2003,LV,14.061222454880845,-1.6382490776747431,12.680783060327606,10029.0,1410.2,-164.3,0
2004,LV,14.502613604993899,-1.2377890771792657,15.487164941143083,11229.7,1628.6,-139.0,0
2005,LV,12.389902395875072,-0.5004952029576091,0.6263048016701411,13226.9,1638.8,-66.2,0
2006,LV,10.5566160467859,-0.5592909163860079,5.961679277520138,16449.4,1736.5,-92.0,0
2007,LV,8.96194957485041,-0.594653674441007,11.436798157212769,21592.4,1935.1,-128.4,0
2008,LV,19.315958262150346,-4.471361960668457,133.13007079737483,23355.3,4511.3,-1044.3,2
2009,LV,37.796225267023786,-9.814414394836636,54.21275463835258,18406.6,6957.0,-1806.5,2
2010,LV,48.58640352374774,-8.794573246377801,22.72100043122036,17572.2,8537.7,-1545.4,2
2011,LV,47.041413897153916,-4.469420583937001,4.811600313901865,19022.6,8948.5,-850.2,0
2012,LV,44.02305497181595,-1.460210898457517,4.64435380231325,21270.9,9364.1,-310.6,0
2013,LV,41.69659499022594,-1.2583534118288857,-2.0514518213175847,21997.0,9172.0,-276.8,0
2014,LV,43.07891445997236,-1.701147407911191,7.042084605320542,22790.5,9817.9,-387.7,0
2015,LV,38.27908171645406,-1.5216283486984246,-7.423176035608425,23744.3,9089.1,-361.3,0
2016,LV,41.73408658595325,-0.01387857067049824,12.487485009516885,24498.2,10224.1,-3.4,0
2017,LV,40.32962935915225,-0.29826537162097233,2.6261480228088496,26017.1,10492.6,-77.6,0
2018,LV,38.30443214673893,-1.3561417093494923,2.777195356727602,28153.4,10784.0,-381.8,0
2019,LV,37.91084655189908,-0.1552406399025941,3.941951038575664,29567.0,11209.1,-45.9,0
2020,LV,44.03698292174663,-4.08735196394781,14.81296446637106,29224.3,12869.5,-1194.5,0
2021,LV,45.87378189680273,-7.220339613056703,15.076731807762545,32283.8,14809.8,-2331.0,2
2022,LV,44.44299739253562,-4.859138733176867,8.299234290807433,36088.7,16038.9,-1753.6,0
2023,LV,44.430318318075436,-2.3614783061454547,9.599162037296827,39564.2,17578.5,-934.3,0
2024,LV,46.585182138485706,-1.8134560969687359,6.9573626873737915,40359.4,18801.5,-731.9,0
1996,MT,39.10313901345292,-7.659857166583624,21.561338289962826,3010.5,1177.2,-230.6,2
1997,MT,46.950014965579165,-7.033822208919485,33.24838600067957,3341.0,1568.6,-235.0,2
1998,MT,49.98883055958897,-9.16731821735731,14.127247226826478,3581.2,1790.2,-328.3,2
1999,MT,63.38880091378729,-6.6587056410788925,36.398167802480174,3852.1,2441.8,-256.5,2
2000,MT,60.63513822252685,-5.5106237148732005,8.69031042673436,4377.0,2654.0,-241.2,1
2001,MT,65.75306306504476,-6.093134774861969,12.629992464204975,4546.1,2989.2,-277.0,1
2002,MT,61.9599957667478,-5.359297280135464,-2.070788170748017,4724.5,2927.3,-253.2,1
2003,MT,68.11482415726825,-8.987054139131523,11.618214737129783,4796.9,3267.4,-431.1,1
2004,MT,70.17658068191065,-4.243632516885019,5.5762991981391785,4915.6,3449.6,-208.6,1
2005,MT,70.24815925824925,-2.836105808562858,4.545454545454541,5133.8,3606.4,-145.6,1
2006,MT,64.54484629966917,-2.4606921161208786,-3.701752440106476,5380.6,3472.9,-132.4,0
2007,MT,62.036620400816865,-2.054272956976221,3.2163321719600235,5778.2,3584.6,-118.7,0
2008,MT,61.524893770544374,-4.055159143750501,7.0412319366177645,6236.5,3837.0,-252.9,1
2009,MT,66.04586805776448,-3.11406578026592,8.227782121449035,6287.6,4152.7,-195.8,1
2010,MT,65.03206062372486,-2.220926843485864,7.460206612565323,6862.0,4462.5,-152.4,0
2011,MT,68.93840291206917,-2.9860084176999204,8.64537815126052,7032.8,4848.3,-210.0,1
2012,MT,65.61133765626043,-3.299685807874858,1.2189839737639874,7479.5,4907.4,-246.8,1
2013,MT,64.94452235097302,-2.183432971683027,7.5844642784366645,8129.4,5279.6,-177.5,0
2014,MT,60.74537632005364,-1.4851651114711963,2.9585574664747316,8948.5,5435.8,-132.9,0
2015,MT,55.048232140411294,-0.8384370047155967,3.5119025718385544,10221.4,5626.7,-85.7,0
2016,MT,53.149305523595636,1.0962510239960237,2.6232072084880986,10864.3,5774.3,119.1,0
2017,MT,45.55788667565433,3.4046762446452927,-1.0962367732885392,12535.7,5711.0,426.8,0
2018,MT,41.44283771731025,1.8605705262234438,-0.7389248818070349,13678.6,5668.8,254.5,0
2019,MT,39.26080223650491,0.7160378780611475,1.0760654812306036,14594.2,5729.8,104.5,0
2020,MT,48.83863421155239,-8.71372472567259,22.419630702642323,14362.4,7014.4,-1251.5,2
2021,MT,49.75883618236179,-6.953906254680973,18.395015967153295,16689.9,8304.7,-1160.6,2
2022,MT,50.33686236766121,-5.3375021558078855,8.949149276915458,17974.7,9047.9,-959.4,1
2023,MT,46.99012969126593,-4.43255289031715,8.60199604328078,20911.2,9826.2,-926.9,0
2024,MT,46.15057864851979,-3.519136578388453,8.357248987401022,23071.0,10647.4,-811.9,0
1996,NL,69.90275973829685,-1.9061689541462719,-1.4910019187347245,355624.3,248591.2,-6778.8,0
1997,NL,65.31826576402374,-1.6014720190190068,-3.1822124033352828,368473.5,240680.5,-5901.0,0
1998,NL,63.23327318891359,-1.3352265262656284,2.9892326133608593,392000.9,247875.0,-5234.1,0
1999,NL,58.694301702039546,0.2827608695134752,-0.5143721633888099,420143.0,246600.0,1188.0,0
2000,NL,52.241862398853584,1.135803233589346,-4.203974047039738,452191.0,236233.0,5136.0,0
2001,NL,49.49610822025879,-0.46775900161717476,1.1869637180241588,482941.0,239037.0,-2259.0,0
2002,NL,48.76765009415372,-2.2300611850046033,2.60043424239762,502901.0,245253.0,-11215.0,0
2003,NL,49.87793770064537,-3.1918757197985634,4.71716961668156,514901.0,256822.0,-16435.0,0
2004,NL,50.16451174156701,-1.8249610119400346,3.8310580869240107,531573.0,266661.0,-9701.0,0
2005,NL,49.645105419780805,-0.5147146560794906,2.976438249312796,553122.0,274598.0,-2847.0,0
2006,NL,45.0208019828273,0.04102518708166225,-3.687572378531523,587444.0,264472.0,241.0,0
2007,NL,42.799566456585445,-0.16249849464092167,0.7838258870504156,622775.0,266545.0,-1012.0,0
2008,NL,54.33234198117915,-0.05757724178910147,32.76032189686544,651299.0,353866.0,-375.0,2
2009,NL,56.34278206143392,-5.060356441802489,0.3365680794425119,630173.0,355057.0,-31889.0,1
2010,NL,58.94712778100905,-5.304795170305215,6.755535026770354,643022.0,379043.0,-34111.0,1
2011,NL,61.21509787153608,-4.42155871911075,5.945499587118075,656013.0,401579.0,-29006.0,1
2012,NL,65.74019494646265,-3.8336027418903975,7.755385615283661,658232.0,432723.0,-25234.0,1
2013,NL,67.19759242871116,-2.872438086623886,3.355957506303109,665567.0,447245.0,-19118.0,1
2014,NL,67.19862310223436,-2.1730641427470467,1.9638006014600418,678627.0,456028.0,-14747.0,0
2015,NL,63.81506775842958,-1.835162870525977,-2.159735805696139,699175.0,446179.0,-12831.0,0
2016,NL,60.86853889679592,0.22522303606762245,-1.7524356816434605,720175.0,438360.0,1622.0,0
2017,NL,55.971611256943696,1.3541787361442397,-4.126973263983935,750861.0,420269.0,10168.0,0
2018,NL,51.55390823767613,1.4947800826396942,-3.4261389728959313,787273.0,405870.0,11768.0,0
2019,NL,47.652051720543234,1.9084875633762248,-2.57939734397713,829767.0,395401.0,15836.0,0
2020,NL,53.412463271452594,-3.7168861295612907,10.291324503478737,816463.0,436093.0,-30347.0,0
2021,NL,50.50070102630251,-2.2595479782401435,3.2438035006294497,891550.0,450239.0,-20145.0,0
2022,NL,48.413696645267756,0.0022136805457728765,6.864354265179151,993820.0,481145.0,22.0,0
2023,NL,45.84952572674128,-0.3710958516683125,0.06983341820032685,1050133.0,481481.0,-3897.0,0
2024,NL,43.74814581200739,-0.9448897465297174,1.9884481422942857,1122459.0,491055.0,-10606.0,0
1996,PL,40.060431402543706,-4.574821354007566,0.39265177425193976,126689.1,50752.2,-5795.8,0
1997,PL,40.30389287007492,-4.546275884500018,12.069427532205502,141122.1,56877.7,-6415.8,0
1998,PL,36.61995012244368,-4.1595490317980675,0.1429382693041381,155540.9,56959.0,-6469.8,0
1999,PL,39.39324705028974,-2.244407863729972,10.791095349286328,160193.7,63105.5,-3595.4,0
2000,PL,37.7189483652993,-3.979410535117057,12.090705247561617,187532.8,70735.4,-7462.7,0
2001,PL,38.95421804830512,-4.718662733824253,17.771865289515574,213857.2,83306.4,-10091.2,2
2002,PL,39.87505918000189,-4.802528169680901,1.1015960358387922,211220.0,84224.1,-10143.9,0
2003,PL,43.42348534883095,-6.017766082331433,-0.39193057569033574,193199.6,83894.0,-11626.3,1
2004,PL,49.77152035791764,-4.987627037771824,22.844422723913517,207064.4,103059.1,-10327.6,2
2005,PL,48.43671781213396,-3.925823681793218,16.042154453124468,246903.6,119592.0,-9693.0,0
2006,PL,47.89549714352083,-3.527007701967958,10.340825473275794,275514.0,131958.8,-9717.4,0
2007,PL,46.778989318807994,-1.8793006534305183,11.438342876716078,314356.3,147052.7,-5907.7,0
2008,PL,39.36948061473912,-3.595331675470829,-1.632747987626204,367420.9,144651.7,-13210.0,0
2009,PL,52.40198328346601,-7.236323243368737,15.155093234300022,317876.9,166573.8,-23002.6,2
2010,PL,54.014082380066874,-7.429811851621557,17.024285932121373,360890.7,194931.8,-26813.5,2
2011,PL,50.63421409988813,-4.974513925519431,-1.4130070106570525,379540.6,192177.4,-18880.3,1
2012,PL,55.952337652320864,-3.795358977950541,12.867069697061151,387660.3,216905.0,-14713.1,1
2013,PL,57.4502853833004,-4.2460729361289875,3.3437680090362187,390177.0,224157.8,-16567.2,1
2014,PL,50.06624425302051,-3.6621144284754132,-8.71247844152645,408714.7,204628.1,-14967.6,0
2015,PL,50.10065070344506,-2.594559173965943,5.888780670885385,432485.8,216678.2,-11221.1,0
2016,PL,53.55075286688962,-2.3831158779456323,5.693327709017337,427658.6,229014.4,-10191.6,0
2017,PL,51.410425538809456,-1.485851188476291,5.2997104112230575,469071.2,241151.5,-6969.7,0
2018,PL,47.78619349897113,-0.24482538977003718,-0.13788012929630833,503951.0,240819.0,-1233.8,0
2019,PL,45.644433119202056,-0.7336045448230725,2.051914508406716,538423.6,245760.4,-3949.9,0
2020,PL,55.13644088288794,-6.853069247654408,19.315683079942914,531827.4,293230.7,-36446.5,2
2021,PL,52.648003932752125,-1.6756220482489406,4.674783370226909,583001.4,306938.6,-9768.9,0
2022,PL,48.8422536501135,-3.3692437030413367,5.296368719998079,661712.3,323195.2,-22294.7,0
2023,PL,51.83134959846092,-5.195537680411973,20.58854834477739,751931.8,389736.4,-39066.9,2
2024,PL,55.48592212361971,-6.4750606046570445,20.797800769956297,848490.9,470793.0,-54940.3,2
1996,PT,63.24549710846266,-4.737609027723157,8.144059713430728,96626.8,61112.1,-4577.8,1
1997,PT,57.68479458234033,-3.7055715704514522,-2.4870688456132273,103306.6,59592.2,-3828.1,0
1998,PT,55.95223144871377,-4.38754757927319,3.9229966337876565,110683.7,61930.0,-4856.3,1
1999,PT,55.40557827417805,-3.031521705504781,7.002906507346984,119603.3,66266.9,-3625.8,0
2000,PT,54.19314344808682,-3.1711396852689417,5.017437061338326,128414.4,69591.8,-4072.2,0
2001,PT,57.380224636346895,-4.741520898545388,11.949971117286795,135775.0,77908.0,-6437.8,1
2002,PT,59.99580510724686,-3.2875893606857183,9.778970067258829,142554.3,85526.6,-4686.6,1
2003,PT,63.88871203050088,-5.699404181206138,9.113305100401492,146067.9,93320.9,-8325.0,1
2004,PT,67.09732253343877,-6.202232667141329,9.465939569806991,152248.4,102154.6,-9442.8,1
2005,PT,72.24266757992768,-6.130012292442827,12.126815630426812,158552.7,114542.7,-9719.3,1
2006,PT,73.65994929643541,-4.167015015593,6.918555263670223,166260.5,122467.4,-6928.1,1
2007,PT,72.69679069359267,-2.8750297748960874,4.167149788433511,175483.4,127570.8,-5045.2,1
2008,PT,75.49245461265821,-3.8107165270448036,5.98749870660058,179102.8,135209.1,-6825.1,1
2009,PT,87.5769882405522,-9.874219286224093,13.619867301831,175416.4,153624.4,-17321.0,1
2010,PT,99.8846327485094,-11.41835556909692,16.942946563176164,179860.4,179652.9,-20537.1,1
2011,PT,114.02375253802788,-7.726947900951689,11.907127577678956,176318.0,201044.4,-13624.0,1
2012,PT,128.6034432427429,-6.202429351579577,7.810364277741644,168538.8,216746.7,-10453.5,1
2013,PT,130.84071136078538,-5.213571703528972,3.0296193667538995,170675.7,223313.3,-8898.3,1
2014,PT,132.45318491546982,-7.362863314561683,2.7217366811560284,173186.7,229391.3,-12751.5,1
2015,PT,131.02322446788526,-4.473983612488134,2.465132722993424,179392.7,235046.1,-8026.0,1
2016,PT,131.18026705554811,-1.9433879151650357,4.019892267942327,186380.7,244494.7,-3622.1,1
2017,PT,126.02922319216854,-3.002213196214396,0.7787080865147455,195509.1,246398.6,-5869.6,1
2018,PT,121.11224716777171,-0.4257610820809609,0.7624231631186307,204997.6,248277.2,-872.8,1
2019,PT,116.10970959471751,0.11608938229725503,0.3086872254077333,214489.9,249043.6,249.0,1
2020,PT,134.0964430164844,-5.752248266078105,8.245182771209535,201032.7,269577.7,-11563.9,1
2021,PT,123.8782006127661,-2.825486376739831,-0.5153245242466298,216493.7,268188.5,-6117.0,1
2022,PT,111.23168786643224,-0.3104234310048775,1.1816688635045702,243957.1,271357.6,-757.3,1
2023,PT,96.86021144239042,1.2571360512160787,-3.4985200340804767,270352.6,261864.1,3398.7,1
2024,PT,93.59173956908108,0.5014718686512708,3.443236396283411,289428.0,270880.7,1451.4,1
1996,RO,8.039841021649435,-3.5653030438705855,56.98722259583053,29035.4,2334.4,-1035.2,2
1997,RO,13.782928729272985,-4.426638686189409,85.69225496915695,31450.5,4334.8,-1392.2,2
1998,RO,13.091386897550947,-3.23743433531283,11.93365322506228,37063.3,4852.1,-1199.9,0
1999,RO,19.353748354424372,-4.419630679459658,34.527318068465185,33726.8,6527.4,-1490.6,2
2000,RO,18.556025510593695,-4.5949121687699686,15.402763734411874,40594.9,7532.8,-1865.3,0
2001,RO,24.183272933483373,-3.454531760869758,44.92884451996601,45143.6,10917.2,-1559.5,2
2002,RO,22.090451518306544,-1.9340516719135366,-1.466493240024913,48695.7,10757.1,-941.8,0
2003,RO,20.17179138499467,-1.425790230587867,-4.160972752879499,51108.5,10309.5,-728.7,0
2004,RO,19.48398974204454,-1.0863896665502244,14.153935690382657,60401.9,11768.7,-656.2,0
2005,RO,15.648813047577816,-0.8084681516562553,5.343835767756833,79223.9,12397.6,-640.5,0
2006,RO,12.946070383765568,-2.1382370730623474,1.5164225333935688,97215.6,12585.6,-2078.7,0
2007,RO,11.046916133884919,-2.762865112197568,12.028032036613268,127632.0,14099.4,-3526.3,0
2008,RO,11.289606295667431,-5.412249291730592,17.37662595571443,146589.7,16549.4,-7933.8,2
2009,RO,21.792400243411983,-9.518941892576095,64.89057005087797,125219.8,27288.4,-11919.6,2
2010,RO,28.623057660127834,-7.114047510118445,34.580627665967945,128305.3,36724.9,-9127.7,2
2011,RO,31.71484217653878,-5.550061287160303,19.630005799879633,138528.2,43934.0,-7688.4,2
2012,RO,35.492295113622575,-3.819889352849842,12.540401511357956,139307.7,49443.5,-5321.4,0
2013,RO,37.3418173168411,-2.268078020932445,7.951297946140556,142936.0,53374.9,-3241.9,0
2014,RO,38.795366733807754,-1.1862846179601512,9.411352527124173,150528.8,58398.2,-1785.7,0
2015,RO,37.05606747811765,-0.5219322598556357,1.7099842118421638,160289.0,59396.8,-836.6,0
2016,RO,37.428767423435986,-2.5127599224105968,5.547941976672144,167497.1,62692.1,-4208.8,0
2017,RO,34.58324928433169,-2.512886321400521,2.824598314620186,186399.2,64462.9,-4684.0,0
2018,RO,34.543392028643325,-2.8233617718857293,9.734746652725823,204780.7,70738.2,-5781.7,0
2019,RO,34.90808242448556,-4.354275561987164,10.215131286914293,223341.4,77964.2,-9724.9,0
2020,RO,46.5847615330625,-9.257881993106794,31.357469197400878,219839.7,102411.8,-20352.5,2
2021,RO,48.324512649251034,-7.181768612860631,13.713068220654257,240986.6,116455.6,-17307.1,2
2022,RO,47.887116270753985,-6.524456740464154,15.457049725388906,280777.4,134456.2,-18319.2,2
2023,RO,49.01338058367817,-6.704876174637622,17.22494016638876,321577.9,157616.2,-21561.4,2
2024,RO,54.84738278175884,-9.348644117306893,23.0574649052572,353633.1,193958.5,-33059.9,2
1996,SE,68.40637332375375,-3.1084653208276833,4.430746595474444,229933.4,157289.1,-7147.4,1
1997,SE,66.30813941209021,-1.5708571114781382,-0.19912377907942425,236737.0,156975.9,-3718.8,0
1998,SE,62.14724983004731,0.8214035235892685,-4.374429450635409,241537.8,150109.1,1984.0,0
1999,SE,62.48382008753375,0.5967186690640074,7.119621661844611,257340.7,160796.3,1535.6,0
2000,SE,48.23875393462406,3.102962511596141,-14.432981355914276,285224.2,137588.6,8850.4,0
2001,SE,51.734714463811834,1.373457257696807,1.762718713614353,270638.2,140013.9,3717.1,0
2002,SE,49.89211169711889,-1.4568791636932286,1.2648029945598216,284182.8,141784.8,-4140.2,0
2003,SE,49.69350246849656,-1.2469648317345607,3.7685280791735165,296070.9,147128.0,-3691.9,0
2004,SE,49.242592282277364,0.1523952694183699,3.6611657876135073,309720.9,152514.6,472.0,0
2005,SE,48.439598869060376,1.991670165442412,0.1566407412798565,315348.4,152753.5,6280.7,0
2006,SE,44.97013210269819,2.200573698736028,-0.8275424131034659,336866.7,151489.4,7413.0,0
2007,SE,38.48565957893655,3.3744730004178014,-9.034163446419342,358064.8,137803.6,12082.8,0
2008,SE,33.64666108782816,1.870866897077233,-13.868360478245856,352761.6,118692.5,6599.7,0
2009,SE,42.77946520756878,-0.9174414503746563,12.824399182762193,313033.6,133914.1,-2871.9,0
2010,SE,41.18021437692259,-0.16603939776814905,14.511840052690484,372381.5,153347.5,-618.3,0
2011,SE,38.29604487386659,-0.42289826799626995,2.4627072498736524,410287.8,157124.0,-1735.1,0
2012,SE,38.66712689751746,-1.1956732068056832,5.303518240370675,427901.2,165457.1,-5116.3,0
2013,SE,40.209147045488756,-1.6364510303875304,6.880877278762898,439805.4,176842.0,-7197.2,0
2014,SE,44.62214744071646,-1.86557922318798,9.923943407109181,435639.5,194391.7,-8127.2,0
2015,SE,45.590236664152314,-0.28885530528994735,6.085599333716396,452337.2,206221.6,-1306.6,0
2016,SE,42.80115399505258,0.8403625806930006,-3.7139659473110487,463918.8,198562.6,3898.6,0
2017,SE,41.024163599306036,1.2874280123208284,-1.8957245725025773,474838.2,194798.4,6113.2,0
2018,SE,40.183741049177755,0.6615734123622957,-3.9226708227582896,465753.3,187157.1,3081.3,0
2019,SE,36.5059766610453,0.4315241429354396,-7.504230403228096,474202.9,173112.4,2046.3,0
2020,SE,42.26075800202842,-3.1903325386017225,16.71700005314467,478106.9,202051.6,-15253.2,0
2021,SE,36.864907362737135,-0.20438105483322896,-2.578598734184734,533953.6,196841.5,-1091.3,0
2022,SE,32.62661406340462,0.9908982321327274,-9.302814701168193,547190.4,178529.7,5422.1,0
2023,SE,33.102967094238764,-0.8936486036016509,-0.7675473604672023,535176.8,177159.4,-4782.6,0
2024,SE,33.964394230996675,-1.5687282230589539,6.986363692809983,558044.4,189536.4,-8754.2,0
1996,SI,20.927689406702015,-1.099466226880176,26.987087517934015,16917.3,3540.4,-186.0,2
1997,SI,21.408184243908842,-2.3320283452167447,10.589198960569423,18288.8,3915.3,-426.5,0
1998,SI,22.474538599331176,-2.3890836940470814,13.117768753352221,19706.3,4428.9,-470.8,0
1999,SI,23.286517385625864,-3.043667543677008,11.111111111111116,21132.4,4921.0,-643.2,0
2000,SI,25.239572497721642,-3.772403825795583,11.43263564316197,21726.2,5483.6,-819.6,0
2001,SI,26.220669820706316,-4.580308539801287,10.064556131008828,23018.1,6035.5,-1054.3,0
2002,SI,27.179422764458238,-2.474098145439369,11.139093695634173,24679.7,6707.8,-610.6,0
2003,SI,26.70209615954039,-2.664133791199283,3.5182921375115583,26004.7,6943.8,-692.8,0
2004,SI,27.024519452924032,-1.9814948898098188,6.9659264379734465,27484.3,7427.5,-544.6,0
2005,SI,26.596090529286442,-1.3788977118667514,3.535509929316727,28914.4,7690.1,-398.7,0
2006,SI,26.202707969917125,-1.2584584124063105,6.650108581162795,31300.2,8201.5,-393.9,0
2007,SI,22.943363606959977,-0.07699595556560541,-2.2654392489178776,34936.9,8015.7,-26.9,0
2008,SI,21.89385328320364,-1.4405663701807798,3.08769040757515,37742.1,8263.2,-543.7,0
2009,SI,34.94053915261664,-5.8718458957921085,51.5066802207377,35830.3,12519.3,-2103.9,2
2010,SI,38.60718763522584,-5.5557713004981855,11.173947425175545,36050.8,13918.2,-2002.9,0
2011,SI,46.81476366285867,-6.685842608653099,23.719302783405904,36782.2,17219.5,-2459.2,2
2012,SI,54.07390297660129,-4.196351047487588,12.841255553297138,35933.6,19430.7,-1507.9,1
2013,SI,70.8362350969582,-11.227119998446225,31.391560777532447,36041.3,25530.3,-4046.4,2
2014,SI,81.13300188619003,-4.526051155190778,18.443574889445102,37270.9,30239.0,-1686.9,1
2015,SI,83.41815196693501,-2.8375924497128113,6.190350209993722,38493.9,32110.9,-1092.3,1
2016,SI,79.43028800495837,-1.999090300200934,-1.0223942648758033,40013.2,31782.6,-799.9,1
2017,SI,74.88991331479983,0.05372370998580662,0.43923404630206164,42625.5,31922.2,22.9,0
2018,SI,71.00659006123742,0.8961251495741536,1.1249224677497116,45462.4,32281.3,407.4,0
2019,SI,66.02037108178543,0.6811126223874243,-1.5123306682196858,48156.5,31793.1,328.0,0
2020,SI,80.16975226097432,-7.676721860043177,17.856704756692498,46738.7,37470.3,-3588.0,1
2021,SI,74.81780582867597,-4.610396599042135,3.894284273144333,52032.4,38929.5,-2398.9,1
2022,SI,72.77344519141515,-3.0138041124019015,6.3324728034010125,56881.6,41394.7,-1714.3,1
2023,SI,68.28868071818891,-2.583294301327088,5.66304381961944,64050.0,43738.9,-1654.6,1
2024,SI,66.60629712198948,-0.9442568093731505,2.665361954690204,67418.1,44904.7,-636.6,0
1996,SK,29.557834585767548,-9.720786536428996,53.81686310063465,17219.8,5089.8,-1673.9,2
1997,SK,32.550263025149526,-6.23487991434954,24.24456756650555,19427.8,6323.8,-1211.3,2
1998,SK,30.978761339367935,-5.368443739101472,0.011069293779053524,20415.6,6324.5,-1096.0,0
1999,SK,49.03823514357373,-7.251881046219993,51.48391177168157,19537.0,9580.6,-1416.8,2
2000,SK,49.065654533587264,-12.690110243823932,14.55754336889128,22368.6,10975.3,-2838.6,2
2001,SK,51.9751312355201,-7.743000423137671,13.036545698067492,23869.3,12406.1,-1848.2,2
2002,SK,46.9583997140717,-8.353136656235861,-0.45058479296474774,26300.3,12350.2,-2196.9,1
2003,SK,43.97726247405937,-2.2814387065943507,6.555359427377683,29924.1,13159.8,-682.7,0
2004,SK,43.381065984276525,-2.3593870041648133,14.135473183483027,34623.4,15020.0,-816.9,0
2005,SK,35.648590585554935,-2.857055482075551,-6.8681757656458124,39239.7,13988.4,-1121.1,0
2006,SK,34.09457799613968,-3.570143884892086,11.123502330502411,45592.0,15544.4,-1627.7,0
2007,SK,30.546520520914854,-2.2581967431287895,10.743418851805163,56354.7,17214.4,-1272.6,0
2008,SK,29.712678648732926,-2.540815616041075,14.03127614090527,66065.4,19629.8,-1678.6,0
2009,SK,36.40724938373369,-8.184516143133022,18.80253492139503,64055.1,23320.7,-5242.6,2
2010,SK,40.65363243106391,-7.444413888634258,19.807295664366855,68726.7,27939.9,-5116.3,2
2011,SK,43.27016103700291,-4.355607675608513,10.93167835246367,71629.5,30994.2,-3119.9,0
2012,SK,51.68756340908967,-4.366207498955615,22.952036187415704,73727.6,38108.0,-3219.1,2
2013,SK,54.610698701949424,-2.861230904026783,6.966778629159243,74642.7,40762.9,-2135.7,0
2014,SK,53.39207416705088,-3.245069701406567,0.28285524337079426,76562.3,40878.2,-2484.5,0
2015,SK,51.59928984041316,-2.782038984128406,1.456522058211962,80376.3,41473.6,-2236.1,0
2016,SK,52.135586658433546,-2.593553667166534,2.6047895528722,81621.6,42553.9,-2116.9,0
2017,SK,51.38146713056907,-0.9846940456965834,2.584956960466611,84960.4,43653.9,-836.6,0
2018,SK,49.270292514392,-1.0060270792094015,1.8905527341199546,90275.9,44479.2,-908.2,0
2019,SK,48.00962479177133,-1.2050027763822417,2.0519703591791227,94547.5,45391.9,-1139.3,0
2020,SK,58.40813141561864,-5.295873860005131,21.367248341664478,94320.6,55090.9,-4995.1,2
2021,SK,60.21683828696379,-5.08972280344994,11.372114087807606,101891.6,61355.9,-5186.0,1
2022,SK,57.75619817424186,-1.5637532989328826,3.508546040397098,109959.8,63508.6,-1719.5,0
2023,SK,55.75758851274945,-5.295587536537134,8.461216276220851,123538.7,68882.2,-6542.1,1
2024,SK,59.70055488355126,-5.496687978803064,12.851505904282966,130207.5,77734.6,-7157.1,1
